band_gap,density,density_atomic,deprecated,efermi,energy_above_hull,energy_per_atom,formation_energy_per_atom,is_gap_direct,is_magnetic,is_metal,is_stable,nelements,nsites,num_magnetic_sites,num_unique_magnetic_sites,theoretical,total_magnetization,total_magnetization_normalized_formula_units,total_magnetization_normalized_vol,uncorrected_energy_per_atom,volume,target,cbm,vbm
0.0,10.20195,4.814412,0.0,13.84898,5.197524,-1.409297,3.836258,0.0,1.0,1.0,0.0,3.0,20.0,6.0,1.0,1.0,2.048717,1.024358,0.02127692,-0.8212972,96.28824,1,0.0,0.0
0.0,3.356186,15.86479,0.0,8.178968,1.301283,-6.733716,1.301283,0.0,0.0,1.0,0.0,1.0,1.0,0.0,0.0,0.0,1.2e-06,1.2e-06,7.563919e-08,-2.835167,15.86479,1,0.0,0.0
0.0,5.070189,20.77387,0.0,2.624162,1.414002,-10.73171,1.414002,0.0,0.0,1.0,0.0,2.0,4.0,0.0,0.0,1.0,0.0005376,0.0005376,6.469665e-06,-1.344143,83.09549,1,0.0,0.0
0.0,5.201076,23.22983,0.0,1.934594,2.887722,-18.19197,2.204516,0.0,1.0,1.0,0.0,3.0,5.0,4.0,2.0,0.0,5.795089,5.795089,0.04989352,-5.476397,116.1491,1,0.0,0.0
0.0,0.0,0.0,0.0,0.0,0.0,0.0,0.0,0.0,0.0,0.0,0.0,0.0,0.0,0.0,0.0,0.0,0.0,0.0,0.0,0.0,0.0,1,0.0,0.0
0.0,6.058692,20.64478,0.0,1.559278,2.237165,-5.97806,1.985835,0.0,1.0,1.0,0.0,3.0,5.0,5.0,3.0,1.0,11.66638,11.66638,0.1130202,-5.90586,103.2239,1,0.0,0.0
0.0,2.303328,11.55608,0.0,4.887903,2.288662,-6.091108,2.18672,0.0,0.0,1.0,0.0,2.0,4.0,0.0,0.0,1.0,1.01e-05,1.01e-05,2.184997e-07,-6.091108,46.22433,1,0.0,0.0
0.0,1.981582,10.48296,0.0,2.922383,3.193112,-5.812956,3.193112,0.0,1.0,1.0,0.0,2.0,32.0,1.0,6.0,1.0,3.594679,0.4493349,0.01071584,-5.722706,335.4547,1,0.0,0.0
0.0,1.975635,24.90683,0.0,-2.611403,1.227085,-4.984137,0.7853762,0.0,0.0,1.0,0.0,5.0,60.0,0.0,0.0,0.0,0.0120727,0.003018175,8.078574e-06,-4.748404,1494.41,1,-2.5967,-2.5967
0.0,3.105664,17.14454,0.0,7.605932,0.6264414,-7.408558,0.6264414,0.0,0.0,1.0,0.0,1.0,1.0,0.0,0.0,1.0,2e-07,2e-07,1.166552e-08,-3.510008,17.14454,1,0.0,0.0
0.0,5.049622,15.79998,0.0,2.66115,1.937313,-6.121132,1.784563,0.0,1.0,1.0,0.0,3.0,5.0,5.0,3.0,0.0,10.99039,10.99039,0.1391189,-6.048932,78.99992,1,0.0,0.0
0.0,4.189327,22.33378,0.0,1.369121,2.06271,-13.85988,1.603114,0.0,1.0,1.0,0.0,3.0,5.0,5.0,3.0,0.0,12.22803,12.22803,0.1095026,-6.816064,111.6689,1,0.0,0.0
0.0,4.784525,16.22589,0.0,2.754058,1.987055,-11.88106,1.691358,0.0,1.0,1.0,0.0,2.0,5.0,5.0,3.0,0.0,7.742492,7.742492,0.09543383,-7.184062,81.12943,1,0.0,0.0
0.0,7.992634,12.66028,0.0,3.689133,1.544426,-13.69789,1.544426,0.0,0.0,1.0,0.0,2.0,2.0,0.0,0.0,1.0,0.0004318,0.0004318,1.705333e-05,-3.859599,25.32057,1,0.0,0.0
0.0,7.260248,10.24905,0.0,5.072836,1.41724,-12.32208,1.41724,0.0,0.0,1.0,0.0,2.0,3.0,0.0,0.0,1.0,0.001032,0.001032,3.356409e-05,-5.626384,30.74715,1,0.0,0.0
0.0,8.11896,12.4633,0.0,3.630366,1.429242,-13.81307,1.429242,0.0,0.0,1.0,0.0,2.0,4.0,0.0,0.0,1.0,0.0010898,0.0005449,2.186019e-05,-3.974783,49.85319,1,0.0,0.0
2.2517,2.441165,27.22229,0.0,-2.313535,0.9156892,-4.476025,0.4368863,0.0,0.0,0.0,0.0,5.0,60.0,0.0,0.0,0.0,0.0086428,0.0021607,5.291497e-06,-4.237758,1633.337,1,-0.09,-2.3417
0.0,16.34238,10.47713,0.0,9.774196,1.499975,-29.24408,1.499975,0.0,0.0,1.0,0.0,2.0,2.0,0.0,0.0,1.0,0.0013526,0.0013526,6.45501e-05,-6.90699,20.95427,1,0.0,0.0
0.0,5.469897,15.10483,0.0,3.348754,2.018678,-9.392446,2.018678,0.0,1.0,1.0,0.0,2.0,5.0,5.0,3.0,0.0,5.002412,5.002412,0.06623591,-4.248205,75.52417,1,0.0,0.0
0.0,1.160966,14.71088,0.0,-2.251445,1.590249,-4.596275,0.889883,0.0,1.0,1.0,0.0,4.0,42.0,10.0,2.0,0.0,19.99611,9.998053,0.03236365,-4.527513,617.857,1,0.0,0.0
0.0,5.969673,10.90662,0.0,6.762362,2.391109,-10.15895,2.332259,0.0,0.0,1.0,0.0,2.0,4.0,0.0,0.0,1.0,9.86e-05,9.86e-05,2.260095e-06,-4.317857,43.62648,1,0.0,0.0
0.6967,1.019758,19.71637,0.0,-0.4927396,1.133597,-5.135172,0.6085336,1.0,0.0,0.0,0.0,4.0,28.0,0.0,0.0,1.0,0.0034896,0.0034896,6.321071e-06,-3.909766,552.0584,1,0.1396,-0.5571
0.0,10.14074,17.57003,0.0,1.569472,1.415452,-27.83283,1.415452,0.0,0.0,1.0,0.0,2.0,4.0,0.0,0.0,1.0,0.0307725,0.01538625,0.0004378549,-2.724136,70.28013,1,0.0,0.0
0.0,6.675602,15.15804,0.0,2.17845,1.54949,-13.69282,1.54949,0.0,0.0,1.0,0.0,2.0,2.0,0.0,0.0,1.0,0.0049141,0.0049141,0.0001620955,-3.854536,30.31607,1,0.0,0.0
0.0,6.63146,19.77184,0.0,5.507674,0.5956268,-13.71593,0.5956268,0.0,0.0,1.0,0.0,1.0,1.0,0.0,0.0,0.0,2e-07,2e-07,1.01154e-08,-2.900285,19.77184,1,0.0,0.0
0.0,1.915055,10.41445,0.0,3.572127,0.9450012,-8.283664,0.9450012,0.0,0.0,1.0,0.0,1.0,8.0,0.0,0.0,1.0,1e-07,1.25e-08,1.200256e-09,-8.283664,83.31558,1,0.0,0.0
0.0,1.378982,26.59113,0.0,-2.413755,1.318567,-5.655376,0.5850918,0.0,0.0,1.0,0.0,7.0,168.0,0.0,0.0,0.0,3.74447,0.4680588,0.0008381935,-5.43528,4467.31,1,-2.4962,-2.3988
0.0,13.76067,12.72938,0.0,4.252086,1.510257,-28.3466,1.510257,0.0,0.0,1.0,0.0,2.0,2.0,0.0,0.0,1.0,0.0007079,0.0007079,2.780576e-05,-4.114431,25.45875,1,0.0,0.0
0.0,11.98082,15.1344,0.0,7.095456,0.9711865,-30.18284,0.9711865,0.0,0.0,1.0,0.0,2.0,2.0,0.0,0.0,1.0,0.0001265,0.0001265,4.179221e-06,-4.197883,30.2688,1,0.0,0.0
0.0,1.438416,36.76635,0.0,-3.019406,1.31694,-6.795734,0.7936318,0.0,1.0,1.0,0.0,2.0,3.0,2.0,1.0,0.0,1.000805,1.000805,0.009073563,-3.934832,110.2991,1,0.0,0.0
0.0,3.690811,26.24271,0.0,2.012232,2.41415,-5.551798,2.342979,0.0,1.0,1.0,0.0,3.0,5.0,4.0,2.0,0.0,11.68343,11.68343,0.08904136,-5.551798,131.2135,1,0.0,0.0
1.8778,3.505515,22.01885,0.0,0.796614,0.6339892,-11.08617,0.6339892,0.0,0.0,0.0,0.0,2.0,32.0,0.0,0.0,0.0,0.0012684,7.9275e-05,1.800162e-06,-5.101714,704.6033,1,2.6673,0.7895
0.0,10.2308,20.56821,0.0,3.327184,3.415863,-5.496299,2.918989,0.0,0.0,1.0,0.0,3.0,5.0,0.0,0.0,0.0,0.0245788,0.0245788,0.0002389979,-5.496299,102.8411,1,0.0,0.0
0.0,5.137628,25.82587,0.0,1.887224,0.5823624,-12.56901,0.5823624,0.0,0.0,1.0,0.0,1.0,1.0,0.0,0.0,1.0,0.0015689,0.0015689,6.074916e-05,-0.9706659,25.82587,1,0.0,0.0
0.0,7.268251,8.859029,0.0,7.518125,1.220494,-8.76728,1.220494,0.0,0.0,1.0,0.0,2.0,2.0,0.0,0.0,1.0,0.0043015,0.0043015,0.0002427749,-4.816857,17.71806,1,0.0,0.0
0.1969,0.9251401,24.2686,0.0,-1.469856,2.016427,-5.797423,1.112367,0.0,1.0,0.0,0.0,4.0,72.0,8.0,9.0,0.0,2.923932,0.243661,0.001673363,-5.682923,1747.339,1,-1.3636,-1.5605
0.0,4.525463,22.09423,0.0,0.1311768,1.187594,-14.85701,1.187594,0.0,0.0,1.0,0.0,2.0,4.0,0.0,0.0,1.0,0.1332614,0.0666307,0.001507876,-5.390094,88.37691,1,0.0,0.0
0.0,12.95637,13.39167,0.0,5.514113,2.247475,-4.003799,2.247475,0.0,0.0,1.0,0.0,2.0,2.0,0.0,0.0,1.0,0.0003241,0.0003241,1.210081e-05,-4.003799,26.78334,1,0.0,0.0
1.9567,3.532758,21.84905,0.0,0.8644533,0.6347714,-11.08538,0.6347714,0.0,0.0,0.0,0.0,2.0,16.0,0.0,0.0,0.0,0.0004035,5.04375e-05,1.154226e-06,-5.100932,349.5848,1,2.7666,0.8099
2.0291,1.387601,22.35966,0.0,-1.914536,1.051903,-4.923712,0.4349555,0.0,0.0,0.0,0.0,5.0,56.0,0.0,0.0,0.0,0.0118695,0.00593475,9.479365e-06,-4.667498,1252.141,1,0.1047,-1.9244
0.0706,2.481829,25.19043,0.0,-0.04572339,0.7804055,-4.846963,0.3933799,0.0,1.0,0.0,0.0,4.0,28.0,4.0,3.0,0.0,4.00597,2.002985,0.005679552,-4.52782,705.3321,1,0.0018,-0.0688
0.5708500000000001,0.9692388000000001,55.55298,0.0,-1.9244715,0.3987258,-7.636273,0.3987258,0.0,0.5,0.0,0.0,1.0,18.0,3.0,3.0,0.0,2.9994889000000002,0.16663828335,0.002713757535,-3.737724,999.9536499999999,1,-1.38745,-1.9583
0.0464,12.41195,9.554574,0.0,8.117945,0.5797571,-9.315142,0.5797571,0.0,0.0,0.0,0.0,2.0,6.0,0.0,0.0,1.0,0.0021889,0.00109445,3.818241e-05,-9.315142,57.32745,1,8.1409,8.0945
0.0,12.40876,9.557032,0.0,8.275758,0.6011552,-9.293744,0.6011552,0.0,0.0,1.0,0.0,2.0,3.0,0.0,0.0,1.0,1.55e-05,1.55e-05,5.406141e-07,-9.293744,28.6711,1,0.0,0.0
0.0,15.77925,10.85104,0.0,9.243908,1.346546,-29.39751,1.346546,0.0,0.0,1.0,0.0,2.0,2.0,0.0,0.0,1.0,4.4e-06,4.4e-06,2.027456e-07,-7.060419,21.70207,1,0.0,0.0
3.2288,13.73253,9.269816,0.0,9.236815,1.184269,-25.16206,-2.898733,0.0,0.0,0.0,0.0,3.0,12.0,0.0,0.0,1.0,0.0028589,0.00142945,2.57008e-05,-8.200421,111.2378,1,12.2834,9.0546
0.0,5.97435,15.97701,0.0,6.741402,1.386236,-4.388202,1.386236,0.0,0.0,1.0,0.0,2.0,8.0,0.0,0.0,1.0,8.6e-05,4.3e-05,6.72842e-07,-4.388202,127.816,1,0.0,0.0
0.0,5.920541,10.87564,0.0,5.04567,0.7959786,-9.191795,0.7959786,0.0,0.0,1.0,0.0,2.0,2.0,0.0,0.0,1.0,0.0001634,0.0001634,7.512204e-06,-5.241372,21.75127,1,0.0,0.0
0.0,5.022841,26.41607,0.0,1.895606,0.5456592,-12.60571,0.5456592,0.0,1.0,1.0,0.0,1.0,1.0,1.0,1.0,1.0,0.5057118,0.5057118,0.0191441,-1.007369,26.41607,1,0.0,0.0
0.0,0.0,0.0,0.0,0.0,0.0,0.0,0.0,0.0,0.0,0.0,0.0,0.0,0.0,0.0,0.0,0.0,0.0,0.0,0.0,0.0,0.0,1,0.0,0.0
3.1985,13.86956,9.224696,0.0,9.204095,1.166846,-25.3594,-2.922061,0.0,0.0,0.0,0.0,3.0,12.0,0.0,0.0,1.0,5.37e-05,2.685e-05,4.851108e-07,-8.220044,110.6964,1,12.2621,9.0636
0.0,7.1268,9.03486,0.0,6.403278,0.8419681,-9.145805,0.8419681,0.0,0.0,1.0,0.0,2.0,2.0,0.0,0.0,1.0,0.0023951,0.0023951,0.0001325477,-5.195383,18.06972,1,0.0,0.0
2.27,1.882049,24.85097,0.0,-2.227091,0.0,0.0,0.0,0.0,0.0,0.0,0.0,5.0,60.0,0.0,0.0,1.0,0.0,0.0,0.0,0.0,1491.058,1,0.0997,-2.1703
0.0,11.32924,15.46129,0.0,3.521639,1.540296,-28.31656,1.540296,0.0,0.0,1.0,0.0,2.0,2.0,0.0,0.0,1.0,0.0033354,0.0033354,0.0001078629,-4.084392,30.92258,1,0.0,0.0
0.0,16.18403,10.37531,0.0,8.996526,1.391819,-8.836198,1.391819,0.0,0.0,1.0,0.0,2.0,2.0,0.0,0.0,1.0,0.0093252,0.0093252,0.0004493938,-8.836198,20.75062,1,0.0,0.0
0.0,12.70472,13.66435,0.0,5.885767,0.9567553,-29.35148,0.9567553,0.0,0.0,1.0,0.0,2.0,2.0,0.0,0.0,1.0,0.0047223,0.0047223,0.0001727964,-6.066559,27.32869,1,0.0,0.0
1.8488,2.574206,39.99543,0.0,-0.9838221,0.6993201,-12.28488,0.1807466,0.0,0.0,0.0,0.0,2.0,6.0,0.0,0.0,1.0,0.0056088,0.0028044,2.337267e-05,-3.890735,239.9726,1,0.8335,-1.0153
0.0,4.144495,19.75644,0.0,2.158881,2.037093,-6.031599,1.916962,0.0,1.0,1.0,0.0,3.0,5.0,4.0,2.0,1.0,11.24265,11.24265,0.1138125,-6.031599,98.7822,1,0.0,0.0
0.0,2.476753,13.06463,0.0,0.5679723,0.7269218,-5.541295,0.7269218,0.0,1.0,1.0,0.0,2.0,16.0,4.0,1.0,0.0,2.001079,0.5002698,0.009572984,-2.848152,209.034,1,0.0,0.0
0.0,3.063063,6.511207,0.0,8.677018,0.4384115,-8.790254,0.4384115,0.0,0.0,1.0,0.0,1.0,4.0,0.0,0.0,1.0,0.0,0.0,0.0,-8.790254,26.04483,1,0.0,0.0
3.2045,14.03404,9.149617,0.0,9.294322,1.162626,-25.57406,-2.937451,0.0,0.0,0.0,0.0,3.0,12.0,0.0,0.0,1.0,5.7e-06,2.85e-06,5.191474e-08,-8.217749,109.7954,1,12.3175,9.113
0.0281,2.801165,7.119979,0.0,7.124668,0.508887,-8.719778,0.508887,0.0,0.0,0.0,0.0,1.0,8.0,0.0,0.0,1.0,2e-07,2.5e-08,3.511246e-09,-8.719778,56.95983,1,7.1375,7.1094
0.0,4.152173,19.37486,0.0,1.869954,2.072427,-5.596448,1.998443,0.0,1.0,1.0,0.0,3.0,5.0,4.0,2.0,1.0,11.17814,11.17814,0.1153881,-5.596448,96.87428,1,0.0,0.0
0.0,2.15075,24.79059,0.0,-1.177304,1.343688,-7.556313,0.6652002,0.0,1.0,1.0,0.0,3.0,7.0,3.0,2.0,1.0,9.0,9.0,0.051863,-3.693197,173.5341,1,0.0,0.0
0.0,5.922981,17.44114,0.0,1.630503,2.127139,-2.967198,2.127139,0.0,0.0,1.0,0.0,2.0,2.0,0.0,0.0,1.0,0.0014369,0.0014369,4.119284e-05,-2.967198,34.88228,1,0.0,0.0
0.0,6.576176,15.13521,0.0,2.627124,2.263873,-3.771928,2.263873,0.0,0.0,1.0,0.0,2.0,2.0,0.0,0.0,1.0,8.82e-05,8.82e-05,2.913736e-06,-3.771928,30.27042,1,0.0,0.0
0.0,3.68577,30.61072,0.0,1.591443,0.1514528,-11.77553,0.09674525,0.0,0.0,1.0,0.0,2.0,4.0,0.0,0.0,1.0,0.0053378,0.0053378,4.35942e-05,-1.823932,122.4429,1,0.0,0.0
0.0,8.957016,15.64742,0.0,2.499039,0.9805402,-17.31856,0.9805402,0.0,0.0,1.0,0.0,2.0,4.0,0.0,0.0,1.0,0.0012112,0.0012112,1.935143e-05,-3.137751,62.58968,1,0.0,0.0
1.1181,3.925783,43.9588,0.0,1.0403,0.1884742,-2.835952,0.1884742,1.0,0.0,0.0,0.0,2.0,5.0,0.0,0.0,0.0,0.0005694,0.0005694,2.590608e-06,-2.532752,219.794,1,2.045,0.9269
0.0,7.772732,13.50372,0.0,2.590242,0.8603302,-13.75654,0.8603302,0.0,0.0,1.0,0.0,2.0,2.0,0.0,0.0,1.0,0.0076159,0.0076159,0.0002819928,-3.588862,27.00743,1,0.0,0.0
0.0,16.02352,10.68562,0.0,8.938228,1.28532,-29.45873,1.28532,0.0,1.0,1.0,0.0,2.0,2.0,1.0,1.0,1.0,0.2618509,0.2618509,0.01225249,-7.121645,21.37124,1,0.0,0.0
0.0,7.376716,14.22866,0.0,2.462257,0.9604629,-13.65641,0.9604629,0.0,1.0,1.0,0.0,2.0,4.0,2.0,1.0,1.0,1.997611,0.9988053,0.03509837,-3.488729,56.91463,1,0.0,0.0
0.0,15.12338,11.47902,0.0,7.333658,1.153378,-29.15486,1.153378,0.0,0.0,1.0,0.0,2.0,4.0,0.0,0.0,1.0,0.000117,5.85e-05,2.548126e-06,-5.869936,45.91609,1,0.0,0.0
0.0,1.596352,29.65381,0.0,-2.15677,0.7550821,-5.526258,0.2003386,0.0,0.0,1.0,0.0,4.0,120.0,0.0,0.0,0.0,7.93829,0.9922863,0.002230823,-5.232524,3558.458,1,-2.2327,-2.127
0.0,4.575789,28.9969,0.0,0.5898692,0.1171764,-13.03419,0.1171764,0.0,0.0,1.0,0.0,1.0,1.0,0.0,0.0,1.0,1e-07,1e-07,3.448644e-09,-1.435852,28.9969,1,0.0,0.0
0.0,7.82937,12.71262,0.0,3.829746,2.241656,-3.794146,2.241656,0.0,0.0,1.0,0.0,2.0,2.0,0.0,0.0,1.0,0.0003218,0.0003218,1.265672e-05,-3.794146,25.42524,1,0.0,0.0
3.3297,1.390242,17.52332,0.0,-2.183989,1.666056,-5.884959,1.324648,0.0,0.0,0.0,0.0,2.0,12.0,0.0,0.0,0.0,0.0005188,0.0001297,2.467189e-06,-5.655959,210.2798,1,0.9896,-2.3401
0.0,3.875494,34.13548,0.0,0.9473704,0.5147558,-2.215205,-0.1764562,0.0,0.0,1.0,0.0,2.0,4.0,0.0,0.0,1.0,0.0679036,0.0679036,0.0004973096,-1.814705,136.5419,1,0.0,0.0
0.0,15.31365,11.3364,0.0,6.868792,1.204402,-29.10383,1.204402,0.0,0.0,1.0,0.0,2.0,2.0,0.0,0.0,1.0,0.0148569,0.0148569,0.0006552741,-5.818912,22.6728,1,0.0,0.0
0.0,11.31551,10.57758,0.0,6.737261,1.45495,-7.643639,1.45495,0.0,0.0,1.0,0.0,2.0,3.0,0.0,0.0,1.0,0.0015562,0.0015562,4.904081e-05,-7.643639,31.73275,1,0.0,0.0
0.0,2.403982,20.0235,0.0,0.05416195,1.700362,-7.466337,1.107112,0.0,1.0,1.0,0.0,4.0,52.0,4.0,1.0,1.0,0.5019806,0.1254951,0.0004821073,-4.215414,1041.222,1,0.0,0.0
0.0,4.414446,34.88594,0.0,2.139976,1.861269,-19.79912,1.015426,0.0,0.0,1.0,0.0,3.0,5.0,0.0,0.0,1.0,0.0062381,0.0062381,3.576283e-05,-4.137035,174.4297,1,0.0,0.0
4.3987,2.730179,31.00319,0.0,-1.335614,0.3976261,-6.062659,0.2841105,0.0,0.0,0.0,0.0,3.0,3.0,0.0,0.0,0.0,0.0,0.0,0.0,-5.815993,93.00957,1,3.0005,-1.3982
0.0,15.85137,10.69712,0.0,9.273752,1.424505,-7.609045,1.424505,0.0,1.0,1.0,0.0,2.0,2.0,1.0,1.0,1.0,0.5130612,0.5130612,0.02398127,-7.609045,21.39425,1,0.0,0.0
0.0,4.626233,34.00697,0.0,2.041524,1.848389,-19.81036,1.012616,0.0,0.0,1.0,0.0,3.0,5.0,0.0,0.0,0.0,0.0067213,0.0067213,3.952895e-05,-4.12775,170.0349,1,0.0,0.0
0.3042,2.182033,9.140208,0.0,3.960724,0.5308612,-8.697804,0.5308612,0.0,0.0,0.0,0.0,1.0,120.0,0.0,0.0,0.0,0.0,0.0,0.0,-8.697804,1096.825,1,4.265,3.9608
0.0,1.966079,15.6235,0.0,0.2880787,1.346652,-5.110157,1.236309,0.0,1.0,1.0,0.0,2.0,2.0,1.0,1.0,1.0,1.999071,1.999071,0.06397641,-3.550079,31.247,1,0.0,0.0
0.0,15.39914,11.16584,0.0,8.15135,2.009089,-5.64081,2.009089,0.0,0.0,1.0,0.0,2.0,2.0,0.0,0.0,1.0,9.59e-05,9.59e-05,4.294346e-06,-5.64081,22.33169,1,0.0,0.0
0.0,3.019897,8.249215,0.0,2.8544,3.07493,-4.271405,1.749959,0.0,0.0,1.0,0.0,2.0,4.0,0.0,0.0,1.0,0.0394479,0.0394479,0.001195505,-3.756155,32.99686,1,0.0,0.0
0.0,7.307467,14.3635,0.0,2.545393,0.9949179,-13.62195,0.9949179,0.0,1.0,1.0,0.0,2.0,2.0,1.0,1.0,1.0,0.9861325,0.9861325,0.03432773,-3.454274,28.72699,1,0.0,0.0
0.0,4.721735,44.62975,0.0,3.368097,0.06873394,-1.404632,0.06873394,0.0,0.0,1.0,0.0,1.0,1.0,0.0,0.0,0.0,3.76e-05,3.76e-05,8.424874e-07,-1.404632,44.62975,1,0.0,0.0
0.0,2.755159,7.539617,0.0,6.884601,4.40438,-4.601689,4.40438,0.0,0.0,1.0,0.0,2.0,4.0,0.0,0.0,1.0,5.61e-05,5.61e-05,1.860174e-06,-4.511439,30.15847,1,0.0,0.0
0.0,6.813472,13.61021,0.0,4.429874,0.7614122,-7.708609,0.7614122,0.0,1.0,1.0,0.0,1.0,6.0,1.0,1.0,1.0,14.42673,2.404454,0.1766655,-7.708609,81.66128,1,0.0,0.0
0.5708500000000001,0.9692388000000001,55.55298,0.0,-1.9244715,0.3987258,-7.636273,0.3987258,0.0,0.5,0.0,0.0,1.0,18.0,3.0,3.0,0.0,2.9994889000000002,0.16663828335,0.002713757535,-3.737724,999.9536499999999,1,-1.38745,-1.9583
0.0,3.285604,17.17461,0.0,1.620875,0.7717482,-8.220498,0.6456373,0.0,0.0,1.0,0.0,2.0,8.0,0.0,0.0,1.0,0.0008731,0.00043655,6.354585e-06,-1.973698,137.3969,1,0.0,0.0
1.9919,2.754148,24.88477,0.0,-0.8233445,0.1726807,-6.344694,0.1726807,0.0,0.0,0.0,0.0,3.0,28.0,0.0,0.0,0.0,0.0002259,5.6475e-05,3.242086e-07,-6.039265,696.7736,1,1.1143,-0.8776
0.0,5.775859,36.48459,0.0,4.825723,0.3950203,-1.078346,0.3950203,0.0,1.0,1.0,0.0,1.0,1.0,1.0,1.0,0.0,0.0018502,0.0018502,5.071182e-05,-1.078346,36.48459,1,0.0,0.0
2.3448,1.497021,17.74699,0.0,-1.662826,0.0,0.0,0.0,0.0,0.0,0.0,0.0,1.0,6.0,0.0,0.0,1.0,1.92e-05,6.4e-06,1.803122e-07,0.0,106.482,1,0.5862,-1.7586
0.0,18.24089,16.52486,0.0,14.45466,0.5221373,-10.31549,0.4602333,0.0,0.0,1.0,0.0,2.0,4.0,0.0,0.0,1.0,0.0742164,0.0742164,0.001122799,-10.31549,66.09946,1,0.0,0.0
0.0,3.041994,6.828693,0.0,7.603923,4.212241,-4.793828,4.212241,0.0,0.0,1.0,0.0,2.0,4.0,0.0,0.0,1.0,1.77e-05,1.77e-05,6.48001e-07,-4.703578,27.31477,1,0.0,0.0
7.7482,7.892551,11.67291,0.0,-0.5932216,0.0,-15.05889,-4.495814,0.0,0.0,0.0,1.0,2.0,16.0,0.0,0.0,0.0,0.0,0.0,0.0,-15.05889,186.7665,0,7.0705,-0.6777
7.7552,7.463662,12.00967,0.0,-0.5333294,0.0,-14.65387,-4.504523,0.0,0.0,0.0,1.0,2.0,16.0,0.0,0.0,0.0,0.0,0.0,0.0,-14.65387,192.1548,0,7.125,-0.6302
7.5457,5.080177,11.92254,0.0,-0.5420974,0.0,-11.89196,-4.470814,0.0,0.0,0.0,1.0,2.0,16.0,0.0,0.0,0.0,0.0,0.0,0.0,-11.89196,190.7606,0,6.8325,-0.7132
7.6163,8.114181,11.47321,0.0,-0.9461588,0.0,-15.32451,-4.50041,0.0,0.0,0.0,1.0,2.0,16.0,0.0,0.0,0.0,0.0,0.0,0.0,-15.32451,183.5714,0,6.6229,-0.9934
5.8799,7.043613,14.52376,0.0,-0.08517187,0.09458647,-21.52637,-4.332399,0.0,0.0,0.0,0.0,2.0,30.0,0.0,0.0,1.0,1.69e-05,2.816667e-06,3.878702e-08,-7.04707,435.7127,0,5.8812,0.0013
4.9755,7.471085,11.22397,0.0,1.530879,0.0,-14.0157,-4.287806,0.0,0.0,0.0,1.0,2.0,4.0,0.0,0.0,1.0,0.0,0.0,0.0,-14.0157,44.89588,0,6.2914,1.3159
6.4565,6.291391,15.72319,0.0,-1.21837,0.0,-20.77165,-4.366608,1.0,0.0,0.0,1.0,3.0,32.0,0.0,0.0,1.0,0.0,0.0,0.0,-20.77165,503.1421,0,5.2381,-1.2184
5.761,5.954182,13.6585,0.0,2.560726,0.01880587,-14.27018,-4.491243,0.0,0.0,0.0,0.0,2.0,8.0,0.0,0.0,0.0,0.0,0.0,0.0,-14.27018,109.268,0,8.2424,2.4814
4.9199,5.966362,13.63061,0.0,3.446056,0.1443034,-14.14468,-4.365745,0.0,0.0,0.0,0.0,2.0,24.0,0.0,0.0,1.0,4.08e-05,6.8e-06,1.247193e-07,-6.668999,327.1347,0,8.2181,3.2982
0.0,8.95883,14.54461,0.0,3.901682,0.03632917,-28.92894,-4.007527,0.0,0.0,1.0,0.0,3.0,15.0,0.0,0.0,1.0,0.9999776,0.9999776,0.004583495,-9.368448,218.1692,0,0.0,0.0
6.1626,8.793765,13.4068,0.0,3.783402,0.0,-23.97188,-4.469768,0.0,0.0,0.0,1.0,2.0,4.0,0.0,0.0,1.0,0.0454309,0.0454309,0.0008471612,-23.97188,53.62722,0,9.0333,2.8707
7.7298,6.739735,12.77207,0.0,-0.7021122,0.0,-14.24606,-4.47009,0.0,0.0,0.0,1.0,2.0,16.0,0.0,0.0,0.0,0.0,0.0,0.0,-14.24606,204.3531,0,6.9117,-0.8181
0.0,9.533631,14.4987,0.0,4.206727,0.03602509,-30.79948,-4.106012,0.0,0.0,1.0,0.0,3.0,30.0,0.0,0.0,1.0,1.0,1.0,0.002299056,-30.79948,434.9611,0,0.0,0.0
7.4101,8.787879,13.41578,0.0,2.967681,0.004654173,-23.96722,-4.465113,1.0,0.0,0.0,0.0,2.0,4.0,0.0,0.0,1.0,0.0909887,0.0909887,0.001695553,-23.96722,53.66313,0,10.2617,2.8516
5.4407,6.896003,12.48265,0.0,0.8021923,0.208856,-14.03721,-4.261234,1.0,0.0,0.0,0.0,2.0,24.0,0.0,0.0,1.0,1.26e-05,2.1e-06,4.205839e-08,-6.504171,299.5835,0,6.1435,0.7028
5.4502,6.461804,12.92837,0.0,0.7533378,0.2396335,-13.91176,-4.214512,1.0,0.0,0.0,0.0,2.0,24.0,0.0,0.0,1.0,2.58e-05,4.3e-06,8.31505e-08,-6.524579,310.2808,0,6.1272,0.677
0.0,9.167964,14.81657,0.0,4.445857,0.04409316,-29.52158,-3.971424,0.0,0.0,1.0,0.0,3.0,15.0,0.0,0.0,1.0,1.0,1.0,0.004499466,-29.52158,222.2486,0,0.0,0.0
0.0,9.316068,14.71714,0.0,3.809569,0.02035064,-29.54758,-3.998219,0.0,0.0,1.0,0.0,3.0,15.0,0.0,0.0,1.0,0.9992212,0.9992212,0.004526338,-9.24974,220.7571,0,0.0,0.0
4.8904,6.455413,12.59798,0.0,4.369798,0.1814172,-14.10757,-4.328631,1.0,0.0,0.0,0.0,2.0,4.0,0.0,0.0,1.0,4.2e-06,4.2e-06,8.334667e-08,-6.631885,50.39193,0,9.0201,4.1297
6.529,6.155519,16.61919,0.0,-1.535228,0.0,-21.62096,-4.426985,0.0,0.0,0.0,1.0,2.0,30.0,0.0,0.0,0.0,0.0,0.0,0.0,-21.62096,498.5756,0,4.9431,-1.5859
4.816,6.472252,12.56521,0.0,4.414122,0.1720472,-14.11694,-4.338001,1.0,0.0,0.0,0.0,2.0,4.0,0.0,0.0,1.0,0.0008586,0.0008586,1.708289e-05,-6.641255,50.26082,0,9.0367,4.2207
7.2347,7.033387,13.46127,0.0,-1.04339,0.0,-6.810331,-4.430712,0.0,0.0,0.0,1.0,3.0,11.0,0.0,0.0,0.0,0.0,0.0,0.0,-15.51315,148.0739,0,6.1394,-1.0953
5.4589,6.224215,13.19947,0.0,0.7067075,0.1638652,-13.96861,-4.274884,1.0,0.0,0.0,0.0,2.0,24.0,0.0,0.0,1.0,7.3e-06,1.216667e-06,2.304385e-08,-6.530404,316.7873,0,6.1462,0.6873
0.0,9.643389,14.6513,0.0,4.134014,0.02858846,-31.09741,-4.100466,0.0,0.0,1.0,0.0,3.0,30.0,0.0,0.0,1.0,0.9934363,0.9934363,0.002260177,-31.09741,439.5391,0,0.0,0.0
0.0,9.352132,14.7792,0.0,4.479518,0.03230885,-30.25799,-4.035063,0.0,0.0,1.0,0.0,3.0,39.0,0.0,0.0,1.0,1.790872,1.790872,0.003107055,-30.25799,576.3889,0,0.0,0.0
6.0367,5.465894,14.5972,0.0,1.653796,0.02290586,-13.88161,-4.448057,1.0,0.0,0.0,0.0,3.0,23.0,0.0,0.0,1.0,4.24e-05,4.24e-05,1.262898e-07,-6.653275,335.7356,0,7.5546,1.5179
4.4187,9.981284,14.64219,0.0,4.601258,0.0,-32.70574,-4.240219,0.0,0.0,0.0,1.0,2.0,3.0,0.0,0.0,0.0,0.0,0.0,0.0,-32.70574,43.92656,0,8.9753,4.5566
2.0697,9.519392,13.1492,0.0,5.259953,0.0,-28.03028,-4.014343,0.0,1.0,0.0,1.0,3.0,12.0,2.0,1.0,1.0,14.0,7.0,0.08872528,-28.03028,157.7904,0,7.4237,5.354
6.0448,5.984096,13.59022,0.0,2.220948,0.0,-14.28898,-4.510049,1.0,0.0,0.0,1.0,2.0,24.0,0.0,0.0,0.0,0.0002573,4.288333e-05,7.888639e-07,-14.28898,326.1653,0,8.2657,2.2209
6.0452,5.988712,13.57974,0.0,2.277728,0.0009009479,-14.28808,-4.509148,1.0,0.0,0.0,0.0,2.0,24.0,0.0,0.0,0.0,0.0,0.0,0.0,-14.28808,325.9139,0,8.2635,2.2183
0.0,5.089367,16.73155,0.0,-2.472353,0.0173619,-6.043454,-3.79024,0.0,0.0,1.0,0.0,3.0,16.0,0.0,0.0,0.0,2.039801,1.0199,0.007619588,-5.696954,267.7049,0,0.0,0.0
4.9708,6.308144,12.89209,0.0,3.904888,0.1747383,-14.11425,-4.33531,1.0,0.0,0.0,0.0,2.0,16.0,0.0,0.0,1.0,1.2e-06,3e-07,5.817519e-09,-6.638564,206.2735,0,8.7684,3.7976
1.964,9.714327,14.5208,0.0,4.702616,0.002230087,-10.0422,-4.31863,0.0,0.0,0.0,0.0,3.0,30.0,0.0,0.0,1.0,0.0,0.0,0.0,-31.23462,435.6241,0,6.5675,4.6035
7.215,6.897646,13.65285,0.0,-1.080405,0.0,-6.815546,-4.420433,0.0,0.0,0.0,1.0,3.0,11.0,0.0,0.0,0.0,0.0,0.0,0.0,-15.27908,150.1814,0,6.0998,-1.1152
5.3798,9.440489,9.93499,0.0,1.702318,0.0,-15.30677,-4.183769,0.0,0.0,0.0,1.0,2.0,4.0,0.0,0.0,1.0,0.0,0.0,0.0,-15.30677,39.73996,0,6.8364,1.4566
3.3923,8.875448,15.08429,0.0,4.094899,0.04157127,-29.71696,-4.141728,0.0,0.0,0.0,0.0,3.0,29.0,0.0,0.0,1.0,0.0007783,0.0007783,1.779198e-06,-9.540623,437.4443,0,7.5524,4.1601
6.4486,6.489744,15.48113,0.0,-0.8617046,0.000921756,-7.178742,-4.351016,0.0,0.0,0.0,0.0,3.0,34.0,0.0,0.0,0.0,0.0,0.0,0.0,-20.48973,526.3585,0,5.4665,-0.9821
7.8031,6.558908,12.73696,0.0,-0.1412863,0.00148498,-14.1499,-4.452661,0.0,0.0,0.0,0.0,2.0,24.0,0.0,0.0,0.0,0.0,0.0,0.0,-14.1499,305.6871,0,7.5553,-0.2478
1.78,9.302259,14.34359,0.0,4.85267,0.005250927,-9.899237,-4.249517,0.0,0.0,0.0,0.0,3.0,12.0,0.0,0.0,1.0,0.0,0.0,0.0,-29.02655,172.1231,0,6.522,4.742
1.8351,9.069687,14.24391,0.0,4.861999,0.005545122,-9.8212,-4.212505,0.0,0.0,0.0,0.0,3.0,9.0,0.0,0.0,1.0,0.0,0.0,0.0,-27.80207,128.1952,0,6.5721,4.737
6.6819,6.427886,12.89896,0.0,-0.3501936,0.0,-13.89053,-4.393681,0.0,0.0,0.0,1.0,3.0,48.0,0.0,0.0,1.0,0.0,0.0,0.0,-13.89053,619.1502,0,6.2711,-0.4108
6.8698,4.730901,14.34477,0.0,-0.8253552,0.04127299,-7.178012,-4.346511,0.0,0.0,0.0,0.0,3.0,30.0,0.0,0.0,1.0,0.0039649,0.00198245,9.213347e-06,-6.839212,430.3431,0,5.9924,-0.8774
5.8972,9.139487,11.84412,0.0,0.9611944,0.0,-18.58883,-4.410912,1.0,0.0,0.0,1.0,3.0,40.0,0.0,0.0,0.0,0.0,0.0,0.0,-18.58883,473.7648,0,6.773,0.8758
5.8107,6.708159,14.97707,0.0,0.07632012,0.08696203,-7.092702,-4.264976,0.0,0.0,0.0,0.0,3.0,34.0,0.0,0.0,1.0,0.0002133,0.00010665,4.188755e-07,-6.739407,509.2205,0,5.8387,0.028
3.1751,9.612926,14.65917,0.0,3.968981,0.04284206,-30.33914,-4.114299,0.0,0.0,0.0,0.0,3.0,29.0,0.0,0.0,1.0,0.0008155,0.0008155,1.9183e-06,-9.400021,425.116,0,7.1859,4.0108
6.2373,3.971249,20.7627,0.0,-2.50607,0.05582156,-6.604959,-4.232219,0.0,0.0,0.0,0.0,3.0,40.0,0.0,0.0,1.0,0.0008773,0.000219325,1.056341e-06,-6.281559,830.508,0,3.6162,-2.6211
6.8177,5.029393,14.02087,0.0,-0.9438876,0.0,-7.125133,-4.377043,0.0,0.0,0.0,1.0,3.0,11.0,0.0,0.0,1.0,0.0,0.0,0.0,-12.77749,154.2295,0,5.9771,-0.8406
6.4525,5.16687,14.74798,0.0,-0.2442731,0.03982517,-6.866872,-4.297521,1.0,0.0,0.0,0.0,3.0,7.0,0.0,0.0,1.0,1.2e-06,1.2e-06,1.162386e-08,-6.536872,103.2359,0,6.0054,-0.4471
1.7286,8.808679,14.11586,0.0,4.881128,0.006323342,-9.731572,-4.169764,0.0,0.0,0.0,0.0,3.0,21.0,0.0,0.0,1.0,0.0,0.0,0.0,-26.40261,296.4331,0,6.5704,4.8418
2.8622,8.110706,10.96583,0.0,1.355451,0.0,-17.35041,-4.158416,1.0,1.0,0.0,1.0,2.0,4.0,1.0,1.0,1.0,6.967645,6.967645,0.158849,-17.35041,43.86333,0,4.1396,1.2774
0.0,5.260053,16.18862,0.0,-2.383955,0.0,-6.060816,-3.807601,0.0,1.0,1.0,1.0,3.0,32.0,6.0,13.0,0.0,3.999543,0.9998858,0.00772059,-5.714316,518.0359,0,0.0,0.0
7.6164,6.550113,12.75406,0.0,-0.1668116,0.0,-14.15139,-4.454146,0.0,0.0,0.0,1.0,2.0,24.0,0.0,0.0,0.0,0.0,0.0,0.0,-14.15139,306.0975,0,7.3132,-0.3032
3.4974,9.048888,15.42795,0.0,4.67371,0.02185551,-30.35778,-4.132128,0.0,0.0,0.0,0.0,3.0,29.0,0.0,0.0,1.0,0.0010337,0.0010337,2.310407e-06,-9.438104,447.4104,0,8.1512,4.6538
6.276,4.091837,17.23344,0.0,-1.744776,0.07281465,-7.052319,-4.304229,1.0,0.0,0.0,0.0,3.0,11.0,0.0,0.0,1.0,0.0012133,0.0012133,6.400346e-06,-6.716319,189.5679,0,4.3826,-1.8934
6.0767,2.513415,16.83903,0.0,-3.60723,0.00195583,-9.410054,-4.217691,0.0,0.0,0.0,0.0,2.0,4.0,0.0,0.0,0.0,2.4e-06,2.4e-06,3.563151e-08,-6.966702,67.35611,0,2.4034,-3.6733
4.9203,5.237684,13.09401,0.0,1.644315,0.0,-14.02322,-4.223913,1.0,0.0,0.0,1.0,3.0,6.0,0.0,0.0,0.0,0.0,0.0,0.0,-14.02322,78.56407,0,6.4847,1.5644
6.0978,2.568677,16.47675,0.0,-3.614425,0.0002510338,-9.411758,-4.219396,0.0,0.0,0.0,0.0,2.0,4.0,0.0,0.0,0.0,0.0,0.0,0.0,-9.411758,65.90701,0,2.4164,-3.6814
3.1538,8.476431,15.14307,0.0,4.044637,0.05655205,-28.37573,-4.101134,0.0,0.0,0.0,0.0,3.0,20.0,0.0,0.0,1.0,0.0002129,0.0002129,7.029618e-07,-9.481757,302.8614,0,7.286,4.1322
1.6536,8.605557,14.02673,0.0,4.984536,0.007154195,-9.664104,-4.137461,0.0,0.0,0.0,0.0,3.0,6.0,0.0,0.0,1.0,0.0,0.0,0.0,-25.35161,84.16037,0,6.5688,4.9152
0.0,6.231669,15.55406,0.0,7.705863,0.0,-8.350821,-4.083924,0.0,1.0,1.0,1.0,3.0,6.0,2.0,2.0,1.0,2.0,1.0,0.02143063,-17.41089,93.32438,0,0.0,0.0
4.9318,8.094797,13.26024,0.0,1.608648,0.0,-17.68686,-4.249943,1.0,0.0,0.0,1.0,3.0,6.0,0.0,0.0,0.0,0.0,0.0,0.0,-17.68686,79.56146,0,6.4962,1.5644
0.0,8.832993,13.63416,0.0,9.060677,0.0,-25.91577,-3.99256,0.0,1.0,1.0,1.0,3.0,12.0,4.0,2.0,1.0,1.998107,0.9990537,0.01221263,-25.91577,163.6099,0,0.0,0.0
5.6188,8.403822,12.42403,0.0,0.9749346,0.0,-17.31467,-4.383081,1.0,0.0,0.0,1.0,3.0,40.0,0.0,0.0,0.0,0.0,0.0,0.0,-17.31467,496.9613,0,6.5747,0.9559
6.8295,3.474599,21.93086,0.0,-3.321288,0.06283339,-6.843864,-4.274512,0.0,0.0,0.0,0.0,3.0,14.0,0.0,0.0,1.0,0.0,0.0,0.0,-6.513864,307.032,0,3.4594,-3.3701
7.5968,6.278135,13.08611,0.0,-0.2873876,0.0,-14.13248,-4.438749,0.0,0.0,0.0,1.0,2.0,24.0,0.0,0.0,0.0,0.0,0.0,0.0,-14.13248,314.0666,0,7.3027,-0.2941
5.8515,3.255206,20.84774,0.0,-2.679926,0.06782846,-7.151456,-4.319955,0.0,0.0,0.0,0.0,3.0,30.0,0.0,0.0,1.0,0.0005951,0.00029755,9.515021e-07,-6.812656,625.4321,0,3.0613,-2.7902
5.7899,4.207008,13.8957,0.0,0.70356,0.08325206,-10.82376,-4.255069,0.0,0.0,0.0,0.0,3.0,10.0,0.0,0.0,1.0,5.09e-05,5.09e-05,3.663003e-07,-6.157549,138.957,0,6.4364,0.6465
3.3416,9.134878,15.34962,0.0,3.97176,0.02566722,-30.31931,-4.116189,0.0,0.0,0.0,0.0,3.0,29.0,0.0,0.0,1.0,0.0004881,0.0004881,1.096512e-06,-9.406751,445.1389,0,7.373,4.0314
6.7502,6.195031,15.32354,0.0,-2.542987,0.0,-6.727334,-4.323021,0.0,0.0,0.0,1.0,3.0,56.0,0.0,0.0,0.0,0.0,0.0,0.0,-15.69697,858.1182,0,4.1104,-2.6398
6.4909,6.21401,15.29928,0.0,-0.4242148,0.0002713221,-6.58478,-4.340021,1.0,0.0,0.0,0.0,3.0,48.0,0.0,0.0,1.0,0.0028864,0.0014432,3.930469e-06,-6.25753,734.3654,0,6.009,-0.4819
0.0,6.204903,13.18759,0.0,6.422115,0.02721078,-7.197932,-4.280086,0.0,1.0,1.0,0.0,2.0,24.0,2.0,1.0,1.0,1.99892,0.3331534,0.00631566,-6.851432,316.5022,0,0.0,0.0
7.0045,5.070726,15.02761,0.0,-1.347685,0.0,-6.906697,-4.337346,1.0,0.0,0.0,1.0,3.0,14.0,0.0,0.0,1.0,0.0003973,0.00019865,1.888428e-06,-13.26518,210.3866,0,5.7598,-1.2447
6.5296,4.590999,16.5979,0.0,-1.404858,0.07302377,-6.833674,-4.264322,0.0,0.0,0.0,0.0,3.0,42.0,0.0,0.0,1.0,0.0002036,3.393333e-05,2.920623e-07,-6.503674,697.1116,0,5.0338,-1.4958
6.6616,5.246402,15.02102,0.0,-0.7008373,0.0,-6.806485,-4.319055,1.0,0.0,0.0,1.0,3.0,48.0,0.0,0.0,1.0,0.0,0.0,0.0,-13.49895,721.009,0,5.9608,-0.7008
3.5752,5.925633,15.2363,0.0,4.952318,0.115862,-15.87982,-4.202424,0.0,0.0,0.0,0.0,3.0,20.0,0.0,0.0,1.0,0.0004057,0.00020285,1.33136e-06,-7.293192,304.726,0,8.4679,4.8927
4.205,6.068165,15.86274,0.0,4.651809,0.0,-17.13347,-4.190445,1.0,0.0,0.0,1.0,3.0,6.0,0.0,0.0,0.0,0.0,0.0,0.0,-17.13347,95.17645,0,8.8258,4.6208
6.9627,4.937755,16.69865,0.0,-1.698449,0.002719536,-6.658061,-4.285321,1.0,0.0,0.0,0.0,3.0,40.0,0.0,0.0,1.0,0.0,0.0,0.0,-13.78825,667.946,0,5.1251,-1.8376
6.0326,4.302259,13.63184,0.0,-1.16629,0.0,-10.5986,-4.243061,0.0,0.0,0.0,1.0,3.0,40.0,0.0,0.0,0.0,0.0,0.0,0.0,-10.5986,545.2736,0,4.7978,-1.2348
6.8951,4.902829,15.54223,0.0,-0.9585584,0.03644109,-6.870256,-4.300905,0.0,0.0,0.0,0.0,3.0,42.0,0.0,0.0,1.0,0.0002194,3.656667e-05,3.361042e-07,-6.540256,652.7738,0,5.7764,-1.1187
4.5691,5.999157,16.04521,0.0,4.52968,9.3995e-05,-17.13338,-4.190351,0.0,0.0,0.0,0.0,3.0,6.0,0.0,0.0,0.0,0.0,0.0,0.0,-17.13338,96.27126,0,9.0635,4.4944
5.5671,4.590222,12.39508,0.0,1.047592,0.1354716,-10.97348,-4.134797,0.0,0.0,0.0,0.0,3.0,28.0,0.0,0.0,1.0,4.9e-06,2.45e-06,1.411851e-08,-6.610756,347.0622,0,6.526,0.9589
6.6185,4.642116,16.41512,0.0,-1.321886,0.06157015,-6.845127,-4.275776,0.0,0.0,0.0,0.0,3.0,28.0,0.0,0.0,1.0,0.0013032,0.0003258,2.835364e-06,-6.515127,459.6235,0,5.2239,-1.3946
5.9374,5.292311,14.77161,0.0,-1.254364,0.0,-6.679017,-4.162882,0.0,0.0,0.0,1.0,3.0,44.0,0.0,0.0,0.0,0.0,0.0,0.0,-13.32997,649.9508,0,4.6043,-1.3331
6.1381,2.78514,24.36634,0.0,-4.287496,0.08884483,-7.13044,-4.298939,0.0,0.0,0.0,0.0,3.0,60.0,0.0,0.0,1.0,0.0001187,2.9675e-05,8.119123e-08,-6.79164,1461.981,0,1.8151,-4.323
7.0649,6.583198,13.16794,0.0,-1.536189,0.0001089699,-6.729889,-4.304938,1.0,0.0,0.0,0.0,3.0,28.0,0.0,0.0,0.0,0.0,0.0,0.0,-14.25149,368.7024,0,5.4609,-1.604
6.9978,6.246351,13.87805,0.0,-1.501711,0.0,-6.729998,-4.305047,1.0,0.0,0.0,1.0,3.0,112.0,0.0,0.0,0.0,0.0006572,8.215e-05,4.228157e-07,-6.399998,1554.342,0,5.4563,-1.5415
4.8865,4.754838,15.61534,0.0,0.7179342,0.1157306,-12.40469,-4.214526,0.0,0.0,0.0,0.0,3.0,20.0,0.0,0.0,1.0,0.0010336,0.0005168,3.309567e-06,-6.066816,312.3067,0,5.4643,0.5778
2.8814,8.678283,15.74756,0.0,4.953833,0.03129339,-29.3016,-4.083884,0.0,0.0,0.0,0.0,3.0,20.0,0.0,0.0,1.0,5.58e-05,5.58e-05,1.771703e-07,-9.329775,314.9513,0,7.9153,5.0339
3.3747,7.704625,13.8114,0.0,1.382052,0.0,-21.61574,-4.121972,1.0,1.0,0.0,1.0,3.0,6.0,2.0,1.0,0.0,13.99897,6.999485,0.1689301,-21.61574,82.8684,0,4.7284,1.3537
4.7771,4.760326,14.05265,0.0,1.434329,0.05271055,-13.52182,-4.223182,0.0,0.0,0.0,0.0,3.0,19.0,0.0,0.0,1.0,5e-07,5e-07,1.872657e-09,-7.991906,267.0004,0,6.1119,1.3348
0.0,6.646904,13.52524,0.0,1.525975,0.1183737,-15.24137,-3.997115,0.0,1.0,1.0,0.0,3.0,14.0,3.0,3.0,1.0,1.000782,1.000782,0.00528526,-7.031382,189.3534,0,0.0,0.0
6.6615,4.474295,17.03082,0.0,-1.743223,0.03196395,-6.874733,-4.305382,0.0,0.0,0.0,0.0,3.0,28.0,0.0,0.0,1.0,0.0070419,0.001760475,1.476713e-05,-6.544733,476.863,0,4.8805,-1.781
7.1825,5.720811,14.70487,0.0,-2.148027,6.116175e-05,-6.591935,-4.227219,1.0,0.0,0.0,0.0,3.0,80.0,0.0,0.0,0.0,0.0,0.0,0.0,-13.80101,1176.389,0,4.9424,-2.2401
6.9713,5.719006,14.70951,0.0,-2.181164,0.0,-6.591996,-4.22728,0.0,0.0,0.0,1.0,3.0,80.0,0.0,0.0,0.0,0.0,0.0,0.0,-13.80108,1176.761,0,4.679,-2.2923
0.0,10.88709,13.37301,0.0,10.66056,0.0,-33.47563,-3.883187,0.0,0.0,1.0,1.0,2.0,3.0,0.0,0.0,0.0,0.0020877,0.0020877,5.203766e-05,-33.47563,40.11902,0,0.0,0.0
6.1194,2.759199,25.00219,0.0,-4.25127,0.09932422,-7.080127,-4.283916,1.0,0.0,0.0,0.0,3.0,52.0,0.0,0.0,1.0,0.0087779,0.00438895,6.751639e-06,-6.742512,1300.114,0,1.8365,-4.2829
0.0,6.189625,13.22014,0.0,6.664762,0.1316753,-7.093468,-4.175621,0.0,1.0,1.0,0.0,2.0,24.0,6.0,1.0,0.0,4.396247,0.7327078,0.0138559,-6.746968,317.2834,0,0.0,0.0
4.9476,5.144238,13.33186,0.0,1.803127,0.01766425,-14.00555,-4.206249,0.0,0.0,0.0,0.0,3.0,6.0,0.0,0.0,0.0,0.0,0.0,0.0,-14.00555,79.99118,0,6.6762,1.7286
7.2819,6.591287,13.9862,0.0,-1.568313,0.0,-6.716564,-4.302387,0.0,0.0,0.0,1.0,3.0,56.0,0.0,0.0,0.0,0.0032077,0.000801925,4.095491e-06,-6.386564,783.2272,0,5.7088,-1.5731
0.0,6.236949,13.11983,0.0,6.449172,0.0,-7.225143,-4.307296,0.0,1.0,1.0,1.0,2.0,24.0,6.0,2.0,0.0,5.998805,0.9998008,0.01905133,-6.878643,314.8759,0,0.0,0.0
