band_gap,density,density_atomic,deprecated,efermi,energy_above_hull,energy_per_atom,formation_energy_per_atom,is_gap_direct,is_magnetic,is_metal,is_stable,nelements,nsites,num_magnetic_sites,num_unique_magnetic_sites,theoretical,total_magnetization,total_magnetization_normalized_formula_units,total_magnetization_normalized_vol,uncorrected_energy_per_atom,volume,target
0.0,2.301602,8.665373,0.0,4.734072,1.306077,-7.922589,1.306077,0.0,1.0,1.0,0.0,1.0,4.0,3.0,1.0,1.0,0.0014552,0.0003638,4.198319e-05,-7.922589,34.66149,1
0.0,2.303328,11.55608,0.0,4.887903,2.288662,-6.091108,2.18672,0.0,0.0,1.0,0.0,2.0,4.0,0.0,0.0,1.0,1.01e-05,1.01e-05,2.184997e-07,-6.091108,46.22433,1
0.0,13.59286,17.70153,0.0,6.429876,1.468778,-39.36297,1.356319,0.0,0.0,1.0,0.0,2.0,4.0,0.0,0.0,0.0,0.0021297,0.0021297,3.007791e-05,-9.735898,70.80611,1
0.0,4.626233,34.00697,0.0,2.041524,1.848389,-19.81036,1.012616,0.0,0.0,1.0,0.0,3.0,5.0,0.0,0.0,0.0,0.0067213,0.0067213,3.952895e-05,-4.12775,170.0349,1
0.0,4.414446,34.88594,0.0,2.139976,1.861269,-19.79912,1.015426,0.0,0.0,1.0,0.0,3.0,5.0,0.0,0.0,1.0,0.0062381,0.0062381,3.576283e-05,-4.137035,174.4297,1
3.2288,13.73253,9.269816,0.0,9.236815,1.184269,-25.16206,-2.898733,0.0,0.0,0.0,0.0,3.0,12.0,0.0,0.0,1.0,0.0028589,0.00142945,2.57008e-05,-8.200421,111.2378,1
0.0,4.996838,32.70462,0.0,1.851895,1.970403,-20.01013,1.001796,0.0,0.0,1.0,0.0,3.0,5.0,0.0,0.0,1.0,0.0045684,0.0045684,2.793733e-05,-4.093708,163.5231,1
3.1985,13.86956,9.224696,0.0,9.204095,1.166846,-25.3594,-2.922061,0.0,0.0,0.0,0.0,3.0,12.0,0.0,0.0,1.0,5.37e-05,2.685e-05,4.851108e-07,-8.220044,110.6964,1
0.0,11.13374,13.02781,0.0,8.623606,0.6474366,-9.379922,0.5363254,0.0,0.0,1.0,0.0,2.0,3.0,0.0,0.0,1.0,0.0019984,0.0019984,5.113166e-05,-9.379922,39.08342,1
3.2045,14.03404,9.149617,0.0,9.294322,1.162626,-25.57406,-2.937451,0.0,0.0,0.0,0.0,3.0,12.0,0.0,0.0,1.0,5.7e-06,2.85e-06,5.191474e-08,-8.217749,109.7954,1
0.0,3.356186,15.86479,0.0,8.178968,1.301283,-6.733716,1.301283,0.0,0.0,1.0,0.0,1.0,1.0,0.0,0.0,0.0,1.2e-06,1.2e-06,7.563919e-08,-2.835167,15.86479,1
0.0,2.83339,16.69295,0.0,2.510173,0.9216357,-7.305142,0.4754249,0.0,1.0,1.0,0.0,2.0,2.0,1.0,1.0,1.0,1.000244,1.000244,0.02996006,-7.305142,33.38591,1
0.0,14.49704,19.87658,0.0,11.95263,0.6647268,-57.98201,0.5237769,0.0,0.0,1.0,0.0,2.0,8.0,0.0,0.0,1.0,1.150851,0.5754257,0.007237485,-7.436255,159.0126,1
0.0,10.2308,20.56821,0.0,3.327184,3.415863,-5.496299,2.918989,0.0,0.0,1.0,0.0,3.0,5.0,0.0,0.0,0.0,0.0245788,0.0245788,0.0002389979,-5.496299,102.8411,1
0.0,5.140392,33.36691,0.0,1.788733,1.73394,-20.97165,0.793462,0.0,0.0,1.0,0.0,3.0,5.0,0.0,0.0,0.0,0.0006871,0.0006871,4.118452e-06,-4.180874,166.8345,1
0.0,4.106961,20.40145,0.0,2.063102,0.8105842,-7.353164,0.5157148,0.0,0.0,1.0,0.0,2.0,2.0,0.0,0.0,1.0,0.0135469,0.0135469,0.0003320083,-7.353164,40.80289,1
0.0,11.57422,25.23244,0.0,6.940311,0.5907158,-5.81894,0.4900347,0.0,0.0,1.0,0.0,2.0,3.0,0.0,0.0,0.0,3.09e-05,3.09e-05,4.082048e-07,-52.05178,75.69731,1
0.0,7.40242,12.33183,0.0,7.202707,1.860844,-8.27734,1.314624,0.0,0.0,1.0,0.0,2.0,4.0,0.0,0.0,0.0,0.0043227,0.00216135,8.763297e-05,-8.09684,49.32732,1
0.0,2.184241,16.07141,0.0,2.37069,1.279283,-7.550359,0.9717307,0.0,1.0,1.0,0.0,3.0,32.0,2.0,1.0,0.0,1.917826,0.9589131,0.00372911,-7.347297,514.2852,1
0.0,3.18947,15.27481,0.0,3.479119,1.552782,-9.466787,0.6752687,0.0,0.0,1.0,0.0,2.0,2.0,0.0,0.0,0.0,0.0071934,0.0071934,0.0002354661,-6.566714,30.54962,1
0.0,7.82937,12.71262,0.0,3.829746,2.241656,-3.794146,2.241656,0.0,0.0,1.0,0.0,2.0,2.0,0.0,0.0,1.0,0.0003218,0.0003218,1.265672e-05,-3.794146,25.42524,1
0.0,3.690811,26.24271,0.0,2.012232,2.41415,-5.551798,2.342979,0.0,1.0,1.0,0.0,3.0,5.0,4.0,2.0,0.0,11.68343,11.68343,0.08904136,-5.551798,131.2135,1
0.0,1.853233,29.60718,0.0,2.085557,1.160129,-7.894437,-0.04529493,0.0,0.0,1.0,0.0,3.0,5.0,0.0,0.0,1.0,0.0035256,0.0035256,2.381585e-05,-3.811278,148.0359,1
0.0,9.638882,28.00525,0.0,4.203795,1.552672,-37.17661,1.552672,0.0,1.0,1.0,0.0,2.0,2.0,1.0,1.0,1.0,1.059319,1.059319,0.01891287,-37.17661,56.01049,1
0.0,26.58134,15.24271,0.0,19.41418,0.5457433,-85.8106,0.5457433,0.0,0.0,1.0,0.0,1.0,1.0,0.0,0.0,0.0,0.0006442,0.0006442,4.226283e-05,-13.7221,15.24271,1
0.0,12.00814,14.54047,0.0,13.82124,2.037993,-33.3604,0.1900023,0.0,0.0,1.0,0.0,2.0,62.0,0.0,0.0,1.0,0.0427376,0.0213688,4.740673e-05,-6.044493,901.5091,1
0.0,2.254861,38.35177,0.0,0.1233915,2.120729,-2.626518,2.103167,0.0,1.0,1.0,0.0,2.0,11.0,5.0,2.0,1.0,14.0,14.0,0.03318563,-2.626518,421.8694,1
0.0,0.9067424,23.29374,0.0,-0.5011198,1.357456,-3.349188,1.017398,0.0,1.0,1.0,0.0,3.0,4.0,1.0,1.0,1.0,0.1137106,0.1137106,0.001220399,-2.267325,93.17496,1
0.0,6.705267,22.80677,0.0,3.226606,2.33223,-19.06269,1.987772,0.0,0.0,1.0,0.0,3.0,3.0,0.0,0.0,1.0,0.0043231,0.0043231,6.318444e-05,-3.629779,68.42032,1
0.0,12.68009,13.49326,0.0,7.733912,1.615826,-7.009465,0.8665872,0.0,0.0,1.0,0.0,3.0,4.0,0.0,0.0,1.0,0.1010605,0.1010605,0.001872425,-6.855965,53.97306,1
0.0,2.723172,45.9066,0.0,0.7436674,1.501555,-15.85409,1.501555,0.0,1.0,1.0,0.0,2.0,4.0,1.0,1.0,1.0,4.948538,4.948538,0.02694894,-2.570777,183.6264,1
0.0,4.93352,33.95831,0.0,1.994498,1.49927,-4.103017,1.225618,0.0,0.0,1.0,0.0,3.0,5.0,0.0,0.0,0.0,0.0005476,0.0005476,3.225131e-06,-4.103017,169.7915,1
0.0,4.667509,13.33098,0.0,1.359028,2.853647,-4.149375,2.191162,0.0,0.0,1.0,0.0,4.0,4.0,0.0,0.0,0.0,0.0018814,0.0018814,3.528248e-05,-3.887375,53.32392,1
0.0,5.469897,15.10483,0.0,3.348754,2.018678,-9.392446,2.018678,0.0,1.0,1.0,0.0,2.0,5.0,5.0,3.0,0.0,5.002412,5.002412,0.06623591,-4.248205,75.52417,1
0.0,2.191777,31.6932,0.0,1.824992,1.332138,-8.950436,0.03979701,0.0,0.0,1.0,0.0,3.0,5.0,0.0,0.0,1.0,0.002728,0.002728,1.721505e-05,-3.564023,158.466,1
0.0,12.54017,23.96069,0.0,3.280537,1.211238,-47.3806,1.211238,0.0,0.0,1.0,0.0,1.0,22.0,0.0,0.0,1.0,0.2761434,0.01255197,0.0005238569,-10.64654,527.1352,1
0.0,6.058692,20.64478,0.0,1.559278,2.237165,-5.97806,1.985835,0.0,1.0,1.0,0.0,3.0,5.0,5.0,3.0,1.0,11.66638,11.66638,0.1130202,-5.90586,103.2239,1
0.0,1.296113,16.02703,0.0,-0.7921307,2.097223,-6.908845,2.097223,0.0,0.0,1.0,0.0,2.0,4.0,0.0,0.0,1.0,0.2112334,0.2112334,0.003294955,-6.818595,64.10812,1
0.0,15.00745,13.11875,0.0,11.2985,0.4497191,-10.10961,0.4497191,0.0,0.0,1.0,0.0,2.0,6.0,0.0,0.0,0.0,0.0096221,0.00481105,0.0001222436,-10.10961,78.7125,1
0.0,2.333813,8.545775,0.0,5.408079,1.256078,-7.972588,1.256078,0.0,0.0,1.0,0.0,1.0,8.0,0.0,0.0,1.0,0.0002641,3.30125e-05,3.86302e-06,-7.972588,68.3662,1
0.0,5.126462,33.32826,0.0,1.852828,1.506786,-4.100074,1.212166,0.0,0.0,1.0,0.0,3.0,5.0,0.0,0.0,0.0,0.0009683,0.0009683,5.810684e-06,-4.100074,166.6413,1
0.0,5.920541,10.87564,0.0,5.04567,0.7959786,-9.191795,0.7959786,0.0,0.0,1.0,0.0,2.0,2.0,0.0,0.0,1.0,0.0001634,0.0001634,7.512204e-06,-5.241372,21.75127,1
0.0,1.981582,10.48296,0.0,2.922383,3.193112,-5.812956,3.193112,0.0,1.0,1.0,0.0,2.0,32.0,1.0,6.0,1.0,3.594679,0.4493349,0.01071584,-5.722706,335.4547,1
0.0,19.77543,19.98724,0.0,14.15188,0.3715774,-79.57046,0.3715774,0.0,1.0,1.0,0.0,1.0,1.0,1.0,1.0,1.0,1.04053,1.04053,0.05205971,-10.91983,19.98724,1
0.0,9.155128,21.90248,0.0,3.249237,2.046539,-28.83623,2.046539,0.0,1.0,1.0,0.0,3.0,4.0,2.0,1.0,1.0,4.756876,4.756876,0.0542961,-4.928729,87.6099,1
0.0,8.422943,21.62585,0.0,3.679931,2.052573,-5.308058,1.513707,0.0,0.0,1.0,0.0,3.0,3.0,0.0,0.0,1.0,0.0030091,0.0030091,4.638122e-05,-5.308058,64.87755,1
0.0,11.27716,15.93179,0.0,7.185502,2.112441,-3.687627,2.112441,0.0,0.0,1.0,0.0,2.0,2.0,0.0,0.0,0.0,0.0001122,0.0001122,3.521262e-06,-3.687627,31.86357,1
0.0,11.32903,15.76088,0.0,10.09373,0.7827496,-6.541394,0.7827496,0.0,0.0,1.0,0.0,2.0,4.0,0.0,0.0,1.0,0.0021723,0.0021723,3.445716e-05,-6.446644,63.04351,1
0.0,2.803408,27.95557,0.0,2.098269,1.369109,-2.630498,1.290938,0.0,0.0,1.0,0.0,3.0,3.0,0.0,0.0,1.0,0.0130762,0.0130762,0.0001559165,-2.630498,83.8667,1
0.0,4.2281189999999995,13.56818,0.0,0.37450534999999996,3.061025,-3.7009135,1.3081795,0.0,0.5,1.0,0.0,3.0,5.0,0.5,0.5,0.0,0.36248895,0.36248895,0.005578985295,-3.2887135,67.84090499999999,1
0.0,13.39997,8.683909,0.0,9.44608,1.530159,-8.785017,1.516798,0.0,0.0,1.0,0.0,2.0,3.0,0.0,0.0,1.0,0.0001635,0.0001635,6.275976e-06,-8.785017,26.05173,1
2.1312,4.239816,17.55501,0.0,-2.697769,0.9599902,-2.763251,0.9599902,0.0,0.0,0.0,0.0,2.0,16.0,0.0,0.0,0.0,4.6e-06,1.15e-06,1.637709e-08,-2.248001,280.8801,1
0.0,16.00804,22.74178,0.0,11.84625,0.3016377,-70.18232,0.3016377,0.0,0.0,1.0,0.0,2.0,4.0,0.0,0.0,1.0,0.0133061,0.0133061,0.0001462737,-10.07389,90.96713,1
0.0,3.019897,8.249215,0.0,2.8544,3.07493,-4.271405,1.749959,0.0,0.0,1.0,0.0,2.0,4.0,0.0,0.0,1.0,0.0394479,0.0394479,0.001195505,-3.756155,32.99686,1
0.0,6.020003,29.83282,0.0,1.713198,1.87665,-3.890211,1.445269,0.0,0.0,1.0,0.0,3.0,5.0,0.0,0.0,0.0,6.6e-06,6.6e-06,4.424656e-08,-3.890211,149.1641,1
0.0,8.331049,27.35704,0.0,3.842698,1.273083,-6.386759,1.187179,0.0,0.0,1.0,0.0,3.0,3.0,0.0,0.0,1.0,0.0002262,0.0002262,2.756146e-06,-6.386759,82.07113,1
0.0,6.346365,29.78823,0.0,1.677963,1.606715,-4.026678,1.1957,0.0,0.0,1.0,0.0,3.0,5.0,0.0,0.0,0.0,3.56e-05,3.56e-05,2.390206e-07,-4.026678,148.9411,1
0.0,3.711927,26.27799,0.0,2.98733,1.550996,-3.511698,1.162864,0.0,0.0,1.0,0.0,3.0,3.0,0.0,0.0,1.0,0.0038316,0.0038316,4.86034e-05,-3.511698,78.83398,1
0.0,5.51804,31.04194,0.0,1.925455,1.786531,-3.945756,1.431811,0.0,0.0,1.0,0.0,3.0,5.0,0.0,0.0,0.0,0.0001463,0.0001463,9.425956e-07,-3.945756,155.2097,1
0.0,10.24809,18.12982,0.0,5.488276,1.345084,-3.858187,0.972036,0.0,0.0,1.0,0.0,3.0,3.0,0.0,0.0,1.0,0.0686475,0.0686475,0.001262147,-3.680187,54.38946,1
0.0,6.524338,29.34679,0.0,1.639983,1.618685,-4.013241,1.196719,0.0,0.0,1.0,0.0,3.0,5.0,0.0,0.0,0.0,7.2e-06,7.2e-06,4.906841e-08,-4.013241,146.7339,1
0.0,6.684066,28.9926,0.0,1.68095,1.629007,-4.00539,1.186593,0.0,0.0,1.0,0.0,3.0,5.0,0.0,0.0,0.0,0.0013796,0.0013796,9.516911e-06,-4.00539,144.963,1
0.0,5.822759,24.2636,0.0,4.102196,2.037442,-2.722531,1.400275,0.0,0.0,1.0,0.0,3.0,3.0,0.0,0.0,1.0,0.0068781,0.0068781,9.449134e-05,-2.517864,72.7908,1
0.0,1.774536,49.17448,0.0,0.4733752,1.141156,-9.556061,1.141156,0.0,1.0,1.0,0.0,2.0,8.0,2.0,1.0,1.0,10.21942,5.109709,0.02597744,-2.216969,393.3958,1
0.0,7.216164,14.31558,0.0,3.140177,2.008669,-3.085669,2.008669,0.0,0.0,1.0,0.0,2.0,2.0,0.0,0.0,1.0,0.0063349,0.0063349,0.000221259,-3.085669,28.63115,1
0.0,6.576176,15.13521,0.0,2.627124,2.263873,-3.771928,2.263873,0.0,0.0,1.0,0.0,2.0,2.0,0.0,0.0,1.0,8.82e-05,8.82e-05,2.913736e-06,-3.771928,30.27042,1
0.0,5.223436,16.07972,0.0,4.306311,0.845551,-7.283956,0.6781759,0.0,1.0,1.0,0.0,3.0,3.0,2.0,2.0,1.0,0.0043615,0.0043615,9.041408e-05,-7.283956,48.23917,1
0.0,17.35235,13.6517,0.0,7.445045,1.40115,-10.26214,1.381108,0.0,0.0,1.0,0.0,2.0,4.0,0.0,0.0,1.0,0.0001519,0.0001519,2.781705e-06,-10.26214,54.60679,1
0.0,4.446933,15.76962,0.0,4.066836,0.9072271,-5.970233,0.6518171,0.0,0.0,1.0,0.0,2.0,16.0,0.0,0.0,1.0,0.001661,0.00041525,6.583067e-06,-5.699483,252.314,1
0.0,4.189327,22.33378,0.0,1.369121,2.06271,-13.85988,1.603114,0.0,1.0,1.0,0.0,3.0,5.0,5.0,3.0,0.0,12.22803,12.22803,0.1095026,-6.816064,111.6689,1
0.0,6.082237,29.80199,0.0,1.609336,1.824207,-3.824309,1.46004,0.0,0.0,1.0,0.0,3.0,5.0,0.0,0.0,0.0,6.44e-05,6.44e-05,4.32186e-07,-3.824309,149.0099,1
0.0,18.34786,21.38415,0.0,14.36298,0.2168953,-78.95364,0.2168953,0.0,1.0,1.0,0.0,2.0,4.0,3.0,2.0,1.0,1.982689,1.982689,0.02317942,-10.63033,85.53659,1
0.0,19.19484,15.90393,0.0,6.503475,0.4714278,-50.89637,0.4714278,0.0,0.0,1.0,0.0,1.0,1.0,0.0,0.0,1.0,3e-07,3e-07,1.886326e-08,-12.4867,15.90393,1
0.0,9.942268,26.05772,0.0,5.988753,1.808805,-4.576724,1.134144,0.0,0.0,1.0,0.0,3.0,3.0,0.0,0.0,1.0,0.0002232,0.0002232,2.8552e-06,-4.398724,78.17315,1
0.0,4.784525,16.22589,0.0,2.754058,1.987055,-11.88106,1.691358,0.0,1.0,1.0,0.0,2.0,5.0,5.0,3.0,0.0,7.742492,7.742492,0.09543383,-7.184062,81.12943,1
0.0,6.981599,8.408312,0.0,8.887943,1.090464,-6.413937,1.090464,0.0,0.0,1.0,0.0,2.0,2.0,0.0,0.0,1.0,0.0010152,0.0010152,6.036883e-05,-6.413937,16.81662,1
0.0,9.686891,24.11404,0.0,5.721675,2.127636,-37.0002,1.884797,0.0,1.0,1.0,0.0,3.0,3.0,1.0,1.0,1.0,2.35071,2.35071,0.03249434,-5.479726,72.34213,1
0.0,5.070189,20.77387,0.0,2.624162,1.414002,-10.73171,1.414002,0.0,0.0,1.0,0.0,2.0,4.0,0.0,0.0,1.0,0.0005376,0.0005376,6.469665e-06,-1.344143,83.09549,1
0.0,6.849329,28.53674,0.0,1.678195,1.642901,-3.947678,1.193176,0.0,0.0,1.0,0.0,3.0,5.0,0.0,0.0,0.0,0.001074,0.001074,7.527139e-06,-3.947678,142.6837,1
0.0,5.04059,24.41288,0.0,2.982609,1.575022,-15.46948,1.575022,0.0,1.0,1.0,0.0,3.0,4.0,2.0,1.0,1.0,1.07227,1.07227,0.01098058,-4.228635,97.65151,1
0.0,8.495343,18.13617,0.0,5.342468,1.453632,-20.47295,0.8201777,0.0,1.0,1.0,0.0,3.0,4.0,1.0,1.0,1.0,0.1324585,0.1324585,0.001825888,-3.929817,72.5447,1
0.0,5.922981,17.44114,0.0,1.630503,2.127139,-2.967198,2.127139,0.0,0.0,1.0,0.0,2.0,2.0,0.0,0.0,1.0,0.0014369,0.0014369,4.119284e-05,-2.967198,34.88228,1
3.9594,3.444398,6.752609,0.0,6.402377,1.468057,-7.660694,1.468057,0.0,0.0,0.0,0.0,1.0,4.0,0.0,0.0,1.0,0.0,0.0,0.0,-7.660694,27.01044,1
0.0,12.34611,17.89582,0.0,7.164991,1.511013,-5.996373,1.004198,0.0,0.0,1.0,0.0,2.0,4.0,0.0,0.0,1.0,6.92e-05,3.46e-05,9.667061e-07,-5.729373,71.58329,1
0.0,21.15074,18.68759,0.0,14.99553,0.2685484,-79.67349,0.2685484,0.0,0.0,1.0,0.0,1.0,1.0,0.0,0.0,0.0,5.78e-05,5.78e-05,3.092962e-06,-11.02286,18.68759,1
0.0,11.20116,18.69594,0.0,4.947134,1.216871,-30.58554,1.167627,0.0,1.0,1.0,0.0,3.0,4.0,3.0,2.0,1.0,0.5045341,0.5045341,0.006746572,-7.508734,74.78377,1
0.0,17.12525,20.52779,0.0,14.26598,0.3890791,-70.2508,0.1611041,0.0,1.0,1.0,0.0,2.0,4.0,3.0,1.0,0.0,15.7688,15.7688,0.1920421,-11.10503,82.11117,1
0.0,11.59337,25.31353,0.0,7.640409,0.7365215,-56.4097,0.5333312,0.0,0.0,1.0,0.0,2.0,4.0,0.0,0.0,1.0,0.0009024,0.0009024,8.91223e-06,-6.68793,101.2541,1
0.0,4.152173,19.37486,0.0,1.869954,2.072427,-5.596448,1.998443,0.0,1.0,1.0,0.0,3.0,5.0,4.0,2.0,1.0,11.17814,11.17814,0.1153881,-5.596448,96.87428,1
0.0,8.441561,16.58158,0.0,6.132754,1.458805,-19.31057,1.424263,0.0,0.0,1.0,0.0,3.0,4.0,0.0,0.0,1.0,9.6e-05,9.6e-05,1.447389e-06,-6.208134,66.32633,1
0.0,9.900044,26.79891,0.0,4.643643,1.451803,-3.924228,0.777142,0.0,0.0,1.0,0.0,3.0,3.0,0.0,0.0,1.0,7.1e-05,7.1e-05,8.831204e-07,-3.746228,80.39674,1
0.1233,1.965769,18.31089,0.0,-0.7918489,2.016472,-5.255618,1.001518,0.0,1.0,0.0,0.0,4.0,40.0,12.0,4.0,0.0,3.91163,0.9779074,0.005340577,-5.013718,732.4358,1
0.0,9.34062,27.07886,0.0,10.18115,0.0,-7.149314,-0.3680798,0.0,1.0,1.0,1.0,2.0,8.0,2.0,2.0,1.0,10.43452,5.217262,0.0481673,-41.31434,216.6309,1
0.0,4.144495,19.75644,0.0,2.158881,2.037093,-6.031599,1.916962,0.0,1.0,1.0,0.0,3.0,5.0,4.0,2.0,1.0,11.24265,11.24265,0.1138125,-6.031599,98.7822,1
0.0,7.169804,12.17262,0.0,3.353761,0.7697591,-8.222207,0.7429324,0.0,0.0,1.0,0.0,2.0,4.0,0.0,0.0,1.0,1e-07,1e-07,2.053789e-09,-8.222207,48.69049,1
0.0,1.409589,45.18592,0.0,-0.15619,2.2573,-4.72992,1.056955,0.0,1.0,1.0,0.0,2.0,3.0,1.0,1.0,1.0,0.2512439,0.2512439,0.001853408,-4.394587,135.5578,1
0.0,5.049622,15.79998,0.0,2.66115,1.937313,-6.121132,1.784563,0.0,1.0,1.0,0.0,3.0,5.0,5.0,3.0,0.0,10.99039,10.99039,0.1391189,-6.048932,78.99992,1
0.0,14.39625,22.75322,0.0,11.99855,0.2115929,-63.94842,0.2115929,0.0,0.0,1.0,0.0,2.0,8.0,0.0,0.0,1.0,0.0049242,0.0024621,2.705222e-05,-9.635818,182.0258,1
0.0,3.446237,22.94752,0.0,3.059772,0.9765377,-4.628624,0.8983675,0.0,0.0,1.0,0.0,3.0,3.0,0.0,0.0,1.0,0.0002658,0.0002658,3.860984e-06,-4.628624,68.84255,1
0.0,6.49801,16.34238,0.0,6.557387,1.813238,-17.66468,1.762802,0.0,0.0,1.0,0.0,3.0,4.0,0.0,0.0,1.0,0.024362,0.024362,0.0003726814,-3.430857,65.36952,1
0.0,0.0,0.0,0.0,0.0,0.0,0.0,0.0,0.0,0.0,0.0,0.0,0.0,0.0,0.0,0.0,0.0,0.0,0.0,0.0,0.0,0.0,0
2.8087,3.603956,17.308014999999997,0.0,0.009088650000000004,0.143329,-6.491961,-2.320048,0.0,0.5,0.0,0.5,4.0,38.0,1.0,6.0,0.0,0.9855962,0.492798,0.00147387454065,-6.058066,657.7045499999999,0
0.0,0.0,0.0,0.0,0.0,0.0,0.0,0.0,0.0,0.0,0.0,0.0,0.0,0.0,0.0,0.0,0.0,0.0,0.0,0.0,0.0,0.0,0
4.8055,2.459876,11.38483,0.0,0.4449262,0.0,-6.44493,-2.314406,0.0,0.0,0.0,1.0,6.0,30.0,0.0,0.0,0.0,0.0002394,0.0002394,7.009329e-07,-6.10853,341.5448,0
1.2827,4.201556,10.62529,0.0,3.356254,0.09443458,-8.483451,-2.389611,0.0,1.0,0.0,0.0,4.0,42.0,14.0,7.0,1.0,30.00007,15.00004,0.0672252,-7.495737,446.2623,0
0.0,0.0,0.0,0.0,0.0,0.0,0.0,0.0,0.0,0.0,0.0,0.0,0.0,0.0,0.0,0.0,0.0,0.0,0.0,0.0,0.0,0.0,0
0.0,3.210502,12.96156,0.0,0.3033502,0.0,-7.667431,-2.256828,0.0,1.0,1.0,1.0,4.0,32.0,2.0,1.0,0.0,12.0,6.0,0.02893171,-7.280994,414.7699,0
0.0,0.0,0.0,0.0,0.0,0.0,0.0,0.0,0.0,0.0,0.0,0.0,0.0,0.0,0.0,0.0,0.0,0.0,0.0,0.0,0.0,0.0,0
0.0,0.0,0.0,0.0,0.0,0.0,0.0,0.0,0.0,0.0,0.0,0.0,0.0,0.0,0.0,0.0,0.0,0.0,0.0,0.0,0.0,0.0,0
0.8946,4.329599,10.11579,0.0,3.009533,0.1849313,-7.780326,-2.087952,0.0,1.0,0.0,0.0,4.0,10.0,2.0,3.0,1.0,2.701348,2.701348,0.02670427,-6.864326,101.1579,0
3.3405,3.422914,10.54146,0.0,0.2691052,0.0,-7.031779,-2.242499,0.0,0.0,0.0,1.0,4.0,54.0,0.0,0.0,0.0,9.86e-05,4.93e-05,1.732138e-07,-6.701002,569.2388,0
0.2565,3.535127,14.06926,0.0,3.663327,0.09722133,-6.928016,-2.404525,0.0,1.0,0.0,0.0,4.0,40.0,1.0,5.0,1.0,1.000225,1.000225,0.001777324,-6.515816,562.7702,0
0.0,0.0,0.0,0.0,0.0,0.0,0.0,0.0,0.0,0.0,0.0,0.0,0.0,0.0,0.0,0.0,0.0,0.0,0.0,0.0,0.0,0.0,0
0.0,0.0,0.0,0.0,0.0,0.0,0.0,0.0,0.0,0.0,0.0,0.0,0.0,0.0,0.0,0.0,0.0,0.0,0.0,0.0,0.0,0.0,0
0.5015,3.288949,9.022158,0.0,1.682475,0.04742733,-7.275322,-2.05645,1.0,1.0,0.0,0.0,4.0,36.0,4.0,1.0,1.0,12.00186,3.000464,0.03695179,-6.708322,324.7977,0
0.0,0.0,0.0,0.0,0.0,0.0,0.0,0.0,0.0,0.0,0.0,0.0,0.0,0.0,0.0,0.0,0.0,0.0,0.0,0.0,0.0,0.0,0
0.2207,4.024275,9.969668,0.0,2.931925,0.09388156,-7.469226,-2.44238,0.0,1.0,0.0,0.0,4.0,15.0,4.0,6.0,1.0,6.999912,6.999912,0.04680806,-6.884426,149.545,0
0.8901,4.726047,11.42639,0.0,4.55343,0.09962942,-7.148082,-2.133111,1.0,1.0,0.0,0.0,5.0,28.0,5.0,5.0,1.0,9.000414,9.000414,0.02813168,-6.456367,319.9388,0
0.0,0.0,0.0,0.0,0.0,0.0,0.0,0.0,0.0,0.0,0.0,0.0,0.0,0.0,0.0,0.0,0.0,0.0,0.0,0.0,0.0,0.0,0
2.192,7.220436,10.71395,0.0,2.654609,0.0446749,-7.600938,-2.186726,0.0,0.0,0.0,0.0,3.0,36.0,0.0,0.0,1.0,9.8e-05,2.45e-05,2.540819e-07,-6.649827,385.7024,0
1.453,4.753346,11.2837,0.0,3.692475,0.05122226,-7.292502,-2.182059,0.0,1.0,0.0,0.0,5.0,28.0,5.0,5.0,1.0,15.00002,15.00002,0.04747686,-6.556645,315.9437,0
0.0,0.0,0.0,0.0,0.0,0.0,0.0,0.0,0.0,0.0,0.0,0.0,0.0,0.0,0.0,0.0,0.0,0.0,0.0,0.0,0.0,0.0,0
0.2289,3.814145,10.7814,0.0,2.882124,0.08399127,-8.142887,-2.404264,0.0,1.0,0.0,0.0,4.0,14.0,4.0,4.0,1.0,7.000024,7.000024,0.04637634,-7.243244,150.9395,0
0.0,0.0,0.0,0.0,0.0,0.0,0.0,0.0,0.0,0.0,0.0,0.0,0.0,0.0,0.0,0.0,0.0,0.0,0.0,0.0,0.0,0.0,0
0.0,0.0,0.0,0.0,0.0,0.0,0.0,0.0,0.0,0.0,0.0,0.0,0.0,0.0,0.0,0.0,0.0,0.0,0.0,0.0,0.0,0.0,0
0.0,0.0,0.0,0.0,0.0,0.0,0.0,0.0,0.0,0.0,0.0,0.0,0.0,0.0,0.0,0.0,0.0,0.0,0.0,0.0,0.0,0.0,0
0.0,0.0,0.0,0.0,0.0,0.0,0.0,0.0,0.0,0.0,0.0,0.0,0.0,0.0,0.0,0.0,0.0,0.0,0.0,0.0,0.0,0.0,0
0.6399,3.822269,10.51158,0.0,3.109493,0.06833058,-8.042411,-2.449692,0.0,1.0,0.0,0.0,3.0,36.0,10.0,3.0,1.0,16.00002,8.000009,0.04228147,-7.188522,378.4168,0
0.0,0.0,0.0,0.0,0.0,0.0,0.0,0.0,0.0,0.0,0.0,0.0,0.0,0.0,0.0,0.0,0.0,0.0,0.0,0.0,0.0,0.0,0
0.0,0.0,0.0,0.0,0.0,0.0,0.0,0.0,0.0,0.0,0.0,0.0,0.0,0.0,0.0,0.0,0.0,0.0,0.0,0.0,0.0,0.0,0
0.0,0.0,0.0,0.0,0.0,0.0,0.0,0.0,0.0,0.0,0.0,0.0,0.0,0.0,0.0,0.0,0.0,0.0,0.0,0.0,0.0,0.0,0
0.0,0.0,0.0,0.0,0.0,0.0,0.0,0.0,0.0,0.0,0.0,0.0,0.0,0.0,0.0,0.0,0.0,0.0,0.0,0.0,0.0,0.0,0
0.0,0.0,0.0,0.0,0.0,0.0,0.0,0.0,0.0,0.0,0.0,0.0,0.0,0.0,0.0,0.0,0.0,0.0,0.0,0.0,0.0,0.0,0
0.0,0.0,0.0,0.0,0.0,0.0,0.0,0.0,0.0,0.0,0.0,0.0,0.0,0.0,0.0,0.0,0.0,0.0,0.0,0.0,0.0,0.0,0
1.0476,4.587542,11.66807,0.0,3.460101,0.05458834,-7.41812,-2.258249,0.0,1.0,0.0,0.0,5.0,28.0,5.0,5.0,1.0,13.0,13.0,0.03979114,-6.724262,326.706,0
0.0,0.0,0.0,0.0,0.0,0.0,0.0,0.0,0.0,0.0,0.0,0.0,0.0,0.0,0.0,0.0,0.0,0.0,0.0,0.0,0.0,0.0,0
0.0,0.0,0.0,0.0,0.0,0.0,0.0,0.0,0.0,0.0,0.0,0.0,0.0,0.0,0.0,0.0,0.0,0.0,0.0,0.0,0.0,0.0,0
0.0,0.0,0.0,0.0,0.0,0.0,0.0,0.0,0.0,0.0,0.0,0.0,0.0,0.0,0.0,0.0,0.0,0.0,0.0,0.0,0.0,0.0,0
0.0,0.0,0.0,0.0,0.0,0.0,0.0,0.0,0.0,0.0,0.0,0.0,0.0,0.0,0.0,0.0,0.0,0.0,0.0,0.0,0.0,0.0,0
0.0,0.0,0.0,0.0,0.0,0.0,0.0,0.0,0.0,0.0,0.0,0.0,0.0,0.0,0.0,0.0,0.0,0.0,0.0,0.0,0.0,0.0,0
0.0,0.0,0.0,0.0,0.0,0.0,0.0,0.0,0.0,0.0,0.0,0.0,0.0,0.0,0.0,0.0,0.0,0.0,0.0,0.0,0.0,0.0,0
0.8431,2.773203,10.49491,0.0,1.712843,0.04134151,-7.36731,-2.428186,0.0,1.0,0.0,0.0,5.0,26.0,2.0,2.0,1.0,0.0,0.0,0.0,-6.86908,272.8678,0
0.0,0.0,0.0,0.0,0.0,0.0,0.0,0.0,0.0,0.0,0.0,0.0,0.0,0.0,0.0,0.0,0.0,0.0,0.0,0.0,0.0,0.0,0
0.7405,3.391611,12.23266,0.0,1.25403,0.1307762,-8.039482,-2.308391,1.0,1.0,0.0,0.0,3.0,24.0,4.0,1.0,1.0,16.00388,4.000971,0.05451216,-7.303482,293.5837,0
0.0,0.0,0.0,0.0,0.0,0.0,0.0,0.0,0.0,0.0,0.0,0.0,0.0,0.0,0.0,0.0,0.0,0.0,0.0,0.0,0.0,0.0,0
0.99,3.810113,10.7928,0.0,2.825322,0.06296756,-8.163911,-2.425288,0.0,1.0,0.0,0.0,4.0,28.0,8.0,4.0,1.0,13.99991,6.999957,0.04632688,-7.264268,302.1985,0
0.0,0.0,0.0,0.0,0.0,0.0,0.0,0.0,0.0,0.0,0.0,0.0,0.0,0.0,0.0,0.0,0.0,0.0,0.0,0.0,0.0,0.0,0
0.0,0.0,0.0,0.0,0.0,0.0,0.0,0.0,0.0,0.0,0.0,0.0,0.0,0.0,0.0,0.0,0.0,0.0,0.0,0.0,0.0,0.0,0
0.0,0.0,0.0,0.0,0.0,0.0,0.0,0.0,0.0,0.0,0.0,0.0,0.0,0.0,0.0,0.0,0.0,0.0,0.0,0.0,0.0,0.0,0
0.0,0.0,0.0,0.0,0.0,0.0,0.0,0.0,0.0,0.0,0.0,0.0,0.0,0.0,0.0,0.0,0.0,0.0,0.0,0.0,0.0,0.0,0
0.0,4.576235,11.81548,0.0,4.442611,0.03104427,-7.394161,-2.221494,0.0,1.0,1.0,0.0,5.0,28.0,5.0,4.0,1.0,15.95572,15.95572,0.04822886,-6.700304,330.8334,0
0.0,0.0,0.0,0.0,0.0,0.0,0.0,0.0,0.0,0.0,0.0,0.0,0.0,0.0,0.0,0.0,0.0,0.0,0.0,0.0,0.0,0.0,0
0.0,0.0,0.0,0.0,0.0,0.0,0.0,0.0,0.0,0.0,0.0,0.0,0.0,0.0,0.0,0.0,0.0,0.0,0.0,0.0,0.0,0.0,0
1.2275,7.467768,13.14859,0.0,3.493862,0.04164219,-8.55262,-2.356607,0.0,0.0,0.0,0.0,4.0,24.0,0.0,0.0,1.0,0.0001457,7.285e-05,4.617099e-07,-7.354954,315.5661,0
1.9669,2.658381,11.44157,0.0,1.293285,0.01354593,-7.655932,-2.471621,0.0,1.0,0.0,0.0,5.0,24.0,2.0,2.0,1.0,0.0063899,0.00319495,2.327004e-05,-7.113515,274.5977,0
0.0,0.0,0.0,0.0,0.0,0.0,0.0,0.0,0.0,0.0,0.0,0.0,0.0,0.0,0.0,0.0,0.0,0.0,0.0,0.0,0.0,0.0,0
0.0,0.0,0.0,0.0,0.0,0.0,0.0,0.0,0.0,0.0,0.0,0.0,0.0,0.0,0.0,0.0,0.0,0.0,0.0,0.0,0.0,0.0,0
0.0,0.0,0.0,0.0,0.0,0.0,0.0,0.0,0.0,0.0,0.0,0.0,0.0,0.0,0.0,0.0,0.0,0.0,0.0,0.0,0.0,0.0,0
0.0,0.0,0.0,0.0,0.0,0.0,0.0,0.0,0.0,0.0,0.0,0.0,0.0,0.0,0.0,0.0,0.0,0.0,0.0,0.0,0.0,0.0,0
3.8739,3.35362,15.60582,0.0,1.461613,0.07362786,-6.843333,-2.394329,0.0,0.0,0.0,0.0,4.0,28.0,0.0,0.0,1.0,0.0022708,0.0005677,5.196778e-06,-6.450761,436.9631,0
0.0,0.0,0.0,0.0,0.0,0.0,0.0,0.0,0.0,0.0,0.0,0.0,0.0,0.0,0.0,0.0,0.0,0.0,0.0,0.0,0.0,0.0,0
0.6852,3.890925,10.06155,0.0,3.350393,0.0446715,-7.923395,-2.440085,0.0,1.0,0.0,0.0,4.0,30.0,8.0,8.0,1.0,15.99993,7.999963,0.05300683,-7.083728,301.8465,0
0.0,0.0,0.0,0.0,0.0,0.0,0.0,0.0,0.0,0.0,0.0,0.0,0.0,0.0,0.0,0.0,0.0,0.0,0.0,0.0,0.0,0.0,0
0.0,5.462346,19.16669,0.0,2.900252,0.006167138,-6.928297,-2.35971,0.0,1.0,1.0,0.0,4.0,28.0,10.0,5.0,0.0,8.024259,8.024259,0.01495202,-6.522118,536.6673,0
0.975,3.148452,11.55954,0.0,-0.6410101,0.02557008,-6.592314,-2.575911,0.0,1.0,0.0,0.0,3.0,28.0,4.0,1.0,1.0,4.000691,1.000173,0.01236051,-4.519796,323.6671,0
0.0,0.0,0.0,0.0,0.0,0.0,0.0,0.0,0.0,0.0,0.0,0.0,0.0,0.0,0.0,0.0,0.0,0.0,0.0,0.0,0.0,0.0,0
0.4487,3.850349,10.18082,0.0,3.392068,0.04983378,-7.926107,-2.459177,0.0,1.0,0.0,0.0,3.0,41.0,11.0,6.0,1.0,19.0001,19.0001,0.04551864,-7.101376,417.4136,0
1.8494,5.428059,14.70707,0.0,3.508392,0.002049329,-6.270291,-2.224664,0.0,0.0,0.0,0.0,4.0,22.0,0.0,0.0,0.0,0.000822,0.000411,2.540522e-06,-5.833109,323.5555,0
0.0,4.091097,10.38639,0.0,2.917036,0.08877379,-7.556279,-2.214359,0.0,1.0,1.0,0.0,4.0,14.0,4.0,2.0,1.0,1.999969,1.999969,0.01375405,-6.799422,145.4095,0
0.0,0.0,0.0,0.0,0.0,0.0,0.0,0.0,0.0,0.0,0.0,0.0,0.0,0.0,0.0,0.0,0.0,0.0,0.0,0.0,0.0,0.0,0
0.0,0.0,0.0,0.0,0.0,0.0,0.0,0.0,0.0,0.0,0.0,0.0,0.0,0.0,0.0,0.0,0.0,0.0,0.0,0.0,0.0,0.0,0
0.0,5.944591,15.74963,0.0,3.073443,0.0,-7.134559,-2.429991,0.0,1.0,1.0,1.0,4.0,30.0,4.0,1.0,0.0,12.0,6.0,0.02539742,-15.57273,472.489,0
0.0,0.0,0.0,0.0,0.0,0.0,0.0,0.0,0.0,0.0,0.0,0.0,0.0,0.0,0.0,0.0,0.0,0.0,0.0,0.0,0.0,0.0,0
4.4192,2.636119,10.89772,0.0,1.337202,0.0,-7.018298,-2.24695,0.0,0.0,0.0,1.0,4.0,11.0,0.0,0.0,0.0,0.0,0.0,0.0,-6.643571,119.8749,0
0.0,0.0,0.0,0.0,0.0,0.0,0.0,0.0,0.0,0.0,0.0,0.0,0.0,0.0,0.0,0.0,0.0,0.0,0.0,0.0,0.0,0.0,0
0.0,0.0,0.0,0.0,0.0,0.0,0.0,0.0,0.0,0.0,0.0,0.0,0.0,0.0,0.0,0.0,0.0,0.0,0.0,0.0,0.0,0.0,0
1.2234,2.491136,13.8716,0.0,0.1149665,0.03670101,-7.786403,-2.355893,0.0,1.0,0.0,0.0,5.0,44.0,4.0,1.0,1.0,0.0996465,0.02491162,0.0001632611,-7.194676,610.3505,0
0.0,0.0,0.0,0.0,0.0,0.0,0.0,0.0,0.0,0.0,0.0,0.0,0.0,0.0,0.0,0.0,0.0,0.0,0.0,0.0,0.0,0.0,0
0.0,0.0,0.0,0.0,0.0,0.0,0.0,0.0,0.0,0.0,0.0,0.0,0.0,0.0,0.0,0.0,0.0,0.0,0.0,0.0,0.0,0.0,0
0.0,0.0,0.0,0.0,0.0,0.0,0.0,0.0,0.0,0.0,0.0,0.0,0.0,0.0,0.0,0.0,0.0,0.0,0.0,0.0,0.0,0.0,0
0.4644,3.402622,11.59498,0.0,0.7811509,0.06647608,-7.943744,-2.266545,0.0,1.0,0.0,0.0,4.0,76.0,19.0,19.0,1.0,15.00023,15.00023,0.01702215,-7.05731,881.2186,0
1.1865,4.168698,9.183618,0.0,3.628404,0.03501229,-7.16664,-2.503823,0.0,1.0,0.0,0.0,4.0,32.0,4.0,1.0,1.0,0.0,0.0,0.0,-6.505515,293.8758,0
0.0,0.0,0.0,0.0,0.0,0.0,0.0,0.0,0.0,0.0,0.0,0.0,0.0,0.0,0.0,0.0,0.0,0.0,0.0,0.0,0.0,0.0,0
3.1204,1.885058,16.12001,0.0,-0.9634963,0.04549893,-8.004366,-2.251226,0.0,0.0,0.0,0.0,3.0,28.0,0.0,0.0,0.0,0.0008478,0.00021195,1.878322e-06,-7.611795,451.3603,0
0.0,0.0,0.0,0.0,0.0,0.0,0.0,0.0,0.0,0.0,0.0,0.0,0.0,0.0,0.0,0.0,0.0,0.0,0.0,0.0,0.0,0.0,0
0.0158,3.374379,11.69203,0.0,0.6648278,0.06516621,-7.945054,-2.267854,0.0,1.0,0.0,0.0,4.0,76.0,19.0,19.0,1.0,14.99913,14.99913,0.01687962,-7.05862,888.5941,0
0.0,3.116634,13.85219,0.0,1.924635,0.0,-10.20252,-2.042777,0.0,1.0,1.0,1.0,3.0,26.0,2.0,2.0,0.0,1.992693,0.9963467,0.005532846,-10.20252,360.157,0
0.4661,4.622566,11.74833,0.0,4.220224,0.06268524,-7.323408,-2.147952,0.0,1.0,0.0,0.0,5.0,28.0,5.0,5.0,1.0,17.99992,17.99992,0.05471878,-6.630694,328.9532,0
4.5791,2.291836,10.62412,0.0,-0.3528694,0.0,-6.901888,-2.315039,1.0,0.0,0.0,1.0,4.0,48.0,0.0,0.0,0.0,1.4e-06,3.5e-07,2.745326e-09,-6.558388,509.9576,0
0.0,0.0,0.0,0.0,0.0,0.0,0.0,0.0,0.0,0.0,0.0,0.0,0.0,0.0,0.0,0.0,0.0,0.0,0.0,0.0,0.0,0.0,0
0.0,0.0,0.0,0.0,0.0,0.0,0.0,0.0,0.0,0.0,0.0,0.0,0.0,0.0,0.0,0.0,0.0,0.0,0.0,0.0,0.0,0.0,0
0.4041,3.822773,10.37392,0.0,3.45486,0.05409365,-7.984871,-2.45913,0.0,1.0,0.0,0.0,3.0,22.0,6.0,2.0,1.0,0.0001064,5.32e-05,4.662042e-07,-7.146507,228.2262,0
0.0,6.625633,14.58518,0.0,4.214172,0.0,-7.035023,-2.259338,0.0,1.0,1.0,1.0,4.0,30.0,4.0,1.0,0.0,6.009459,3.004729,0.01373417,-6.622823,437.5553,0
0.0,0.0,0.0,0.0,0.0,0.0,0.0,0.0,0.0,0.0,0.0,0.0,0.0,0.0,0.0,0.0,0.0,0.0,0.0,0.0,0.0,0.0,0
0.0,5.632348,12.65036,0.0,4.411763,0.03588028,-6.72175,-2.297384,0.0,1.0,1.0,0.0,4.0,22.0,4.0,2.0,0.0,0.0005879,0.00029395,2.112409e-06,-6.347023,278.3079,0
0.0,6.10257,13.18232,0.0,3.584323,0.08153055,-7.124408,-2.420895,0.0,1.0,1.0,0.0,5.0,40.0,4.0,2.0,0.0,0.9998086,0.9998086,0.001896117,-6.712208,527.2926,0
0.0,0.0,0.0,0.0,0.0,0.0,0.0,0.0,0.0,0.0,0.0,0.0,0.0,0.0,0.0,0.0,0.0,0.0,0.0,0.0,0.0,0.0,0
0.0,0.0,0.0,0.0,0.0,0.0,0.0,0.0,0.0,0.0,0.0,0.0,0.0,0.0,0.0,0.0,0.0,0.0,0.0,0.0,0.0,0.0,0
0.0,3.342923,12.98273,0.0,4.234534,0.06438645,-6.674013,-2.262123,0.0,0.0,1.0,0.0,5.0,26.0,0.0,0.0,1.0,0.0183036,0.0091518,5.42247e-05,-6.30409,337.551,0
1.1787,3.697422,11.73748,0.0,1.906313,0.112667,-8.40712,-2.373905,0.0,1.0,0.0,0.0,4.0,26.0,8.0,8.0,1.0,12.00016,6.00008,0.03932229,-7.438274,305.1745,0
